-- phpMyAdmin SQL Dump
-- version 5.2.1
-- https://www.phpmyadmin.net/
--
-- 主機： 127.0.0.1
-- 產生時間： 2025-12-26 06:37:14
-- 伺服器版本： 10.4.32-MariaDB
-- PHP 版本： 8.0.30

SET SQL_MODE = "NO_AUTO_VALUE_ON_ZERO";
START TRANSACTION;
SET time_zone = "+00:00";


/*!40101 SET @OLD_CHARACTER_SET_CLIENT=@@CHARACTER_SET_CLIENT */;
/*!40101 SET @OLD_CHARACTER_SET_RESULTS=@@CHARACTER_SET_RESULTS */;
/*!40101 SET @OLD_COLLATION_CONNECTION=@@COLLATION_CONNECTION */;
/*!40101 SET NAMES utf8mb4 */;

--
-- 資料庫： `shop_db`
--

-- --------------------------------------------------------

--
-- 資料表結構 `carts`
--

CREATE TABLE `carts` (
  `id` int(11) NOT NULL,
  `user_id` int(11) DEFAULT NULL,
  `session_id` varchar(255) DEFAULT NULL,
  `product_id` int(11) NOT NULL,
  `quantity` int(11) NOT NULL DEFAULT 1,
  `created_at` timestamp NOT NULL DEFAULT current_timestamp(),
  `updated_at` timestamp NOT NULL DEFAULT current_timestamp() ON UPDATE current_timestamp()
) ENGINE=InnoDB DEFAULT CHARSET=utf8mb4 COLLATE=utf8mb4_unicode_ci;

--
-- 傾印資料表的資料 `carts`
--

INSERT INTO `carts` (`id`, `user_id`, `session_id`, `product_id`, `quantity`, `created_at`, `updated_at`) VALUES
(8, 1, NULL, 1, 1, '2025-11-28 08:27:34', '2025-11-28 08:27:34');

-- --------------------------------------------------------

--
-- 資料表結構 `inventory_logs`
--

CREATE TABLE `inventory_logs` (
  `id` int(11) NOT NULL,
  `product_id` int(11) NOT NULL,
  `change_amount` int(11) NOT NULL,
  `reason` varchar(50) NOT NULL,
  `note` text DEFAULT NULL,
  `created_at` timestamp NOT NULL DEFAULT current_timestamp()
) ENGINE=InnoDB DEFAULT CHARSET=utf8mb4 COLLATE=utf8mb4_unicode_ci;

-- --------------------------------------------------------

--
-- 資料表結構 `orders`
--

CREATE TABLE `orders` (
  `id` int(11) NOT NULL,
  `user_id` int(11) DEFAULT NULL,
  `session_id` varchar(255) DEFAULT NULL,
  `order_number` varchar(50) NOT NULL,
  `total_amount` decimal(10,2) NOT NULL,
  `status` varchar(50) DEFAULT 'pending',
  `created_at` timestamp NOT NULL DEFAULT current_timestamp(),
  `updated_at` timestamp NOT NULL DEFAULT current_timestamp() ON UPDATE current_timestamp()
) ENGINE=InnoDB DEFAULT CHARSET=utf8mb4 COLLATE=utf8mb4_unicode_ci;

--
-- 傾印資料表的資料 `orders`
--

INSERT INTO `orders` (`id`, `user_id`, `session_id`, `order_number`, `total_amount`, `status`, `created_at`, `updated_at`) VALUES
(4, 1, NULL, '', 29000.00, 'Pending', '2025-12-12 05:19:27', '2025-12-12 05:19:27'),
(6, 1, NULL, 'ORD-20251212062123-3051', 29000.00, 'Pending', '2025-12-12 05:21:23', '2025-12-12 05:21:23'),
(7, 1, NULL, 'ORD-20251212063030-8185', 8700.00, 'Pending', '2025-12-12 05:30:30', '2025-12-12 05:30:30'),
(8, 1, NULL, 'ORD-20251212063410-4580', 20500.00, 'Pending', '2025-12-12 05:34:10', '2025-12-12 05:34:10'),
(9, 16, NULL, 'ORD-20251119230636-9201', 90000.00, 'Processing', '2025-11-19 15:06:36', '2025-12-12 05:38:26'),
(10, 17, NULL, 'ORD-20251114071420-5775', 47700.00, 'Completed', '2025-11-13 23:14:20', '2025-12-12 05:38:26'),
(11, 13, NULL, 'ORD-20251124112832-3954', 73800.00, 'Pending', '2025-11-24 03:28:32', '2025-12-12 05:38:26'),
(12, 23, NULL, 'ORD-20251127083357-5047', 36000.00, 'Processing', '2025-11-27 00:33:57', '2025-12-12 05:38:26'),
(13, 15, NULL, 'ORD-20251205050006-2244', 151500.00, 'Processing', '2025-12-04 21:00:06', '2025-12-12 05:38:26'),
(14, 15, NULL, 'ORD-20251207163934-6777', 32450.00, 'Pending', '2025-12-07 08:39:34', '2025-12-12 05:38:26'),
(15, 23, NULL, 'ORD-20251206223449-2003', 36500.00, 'Completed', '2025-12-06 14:34:49', '2025-12-12 05:38:26'),
(16, 14, NULL, 'ORD-20251125013135-1549', 36000.00, 'Pending', '2025-11-24 17:31:35', '2025-12-12 05:38:26'),
(17, 23, NULL, 'ORD-20251211001707-3584', 87400.00, 'Cancelled', '2025-12-10 16:17:07', '2025-12-12 05:38:26'),
(18, 26, NULL, 'ORD-20251205234520-2936', 86000.00, 'Completed', '2025-12-05 15:45:20', '2025-12-12 05:38:26'),
(19, 25, NULL, 'ORD-20251202135542-4152', 13400.00, 'Cancelled', '2025-12-02 05:55:42', '2025-12-12 05:38:26'),
(20, 17, NULL, 'ORD-20251127045745-9760', 7900.00, 'Pending', '2025-11-26 20:57:45', '2025-12-12 05:38:26'),
(21, 26, NULL, 'ORD-20251117195512-6404', 151700.00, 'Processing', '2025-11-17 11:55:12', '2025-12-12 05:38:26'),
(22, 16, NULL, 'ORD-20251126124548-8440', 77500.00, 'Completed', '2025-11-26 04:45:48', '2025-12-12 05:38:26'),
(23, 26, NULL, 'ORD-20251119211752-5869', 17550.00, 'Processing', '2025-11-19 13:17:52', '2025-12-12 05:38:26'),
(24, 19, NULL, 'ORD-20251124055829-9694', 58800.00, 'Completed', '2025-11-23 21:58:29', '2025-12-12 05:38:26'),
(25, 25, NULL, 'ORD-20251114173232-9229', 25500.00, 'Cancelled', '2025-11-14 09:32:32', '2025-12-12 05:38:26'),
(26, 13, NULL, 'ORD-20251120142125-3595', 54400.00, 'Pending', '2025-11-20 06:21:25', '2025-12-12 05:38:26'),
(27, 18, NULL, 'ORD-20251124082132-2558', 45350.00, 'Completed', '2025-11-24 00:21:32', '2025-12-12 05:38:26'),
(28, 16, NULL, 'ORD-20251120202544-2303', 69600.00, 'Cancelled', '2025-11-20 12:25:44', '2025-12-12 05:38:26'),
(29, 21, NULL, 'ORD-20251128120217-2554', 38900.00, 'Completed', '2025-11-28 04:02:17', '2025-12-12 05:38:26'),
(30, 18, NULL, 'ORD-20251126142523-5043', 31900.00, 'Pending', '2025-11-26 06:25:23', '2025-12-12 05:38:26'),
(31, 16, NULL, 'ORD-20251202004037-4822', 29000.00, 'Pending', '2025-12-01 16:40:37', '2025-12-12 05:38:26'),
(32, 22, NULL, 'ORD-20251112111209-1334', 16050.00, 'Cancelled', '2025-11-12 03:12:09', '2025-12-12 05:38:26'),
(33, 21, NULL, 'ORD-20251117120203-1831', 22900.00, 'Processing', '2025-11-17 04:02:03', '2025-12-12 05:38:26'),
(34, 23, NULL, 'ORD-20251114073456-8020', 150000.00, 'Pending', '2025-11-13 23:34:56', '2025-12-12 05:38:26'),
(35, 23, NULL, 'ORD-20251202181442-3729', 83700.00, 'Processing', '2025-12-02 10:14:42', '2025-12-12 05:38:26'),
(36, 18, NULL, 'ORD-20251208231354-5547', 56900.00, 'Pending', '2025-12-08 15:13:54', '2025-12-12 05:38:26'),
(37, 1, NULL, 'ORD-20251117024135-3237', 75000.00, 'Cancelled', '2025-11-16 18:41:35', '2025-12-12 05:38:26'),
(38, 27, NULL, 'ORD-20251202054038-3867', 36400.00, 'Cancelled', '2025-12-01 21:40:38', '2025-12-12 05:38:26'),
(39, 1, NULL, 'ORD-20251210220305-6825', 135000.00, 'Cancelled', '2025-12-10 14:03:05', '2025-12-12 05:40:15'),
(40, 18, NULL, 'ORD-20251114183816-2409', 22500.00, 'Cancelled', '2025-11-14 10:38:16', '2025-12-12 05:40:15'),
(41, 14, NULL, 'ORD-20251120215118-3925', 15350.00, 'Pending', '2025-11-20 13:51:18', '2025-12-12 05:40:15'),
(42, 24, NULL, 'ORD-20251121191520-4665', 78600.00, 'Processing', '2025-11-21 11:15:20', '2025-12-12 05:40:15'),
(43, 13, NULL, 'ORD-20251209031107-7578', 99600.00, 'Cancelled', '2025-12-08 19:11:07', '2025-12-12 05:40:15'),
(44, 23, NULL, 'ORD-20251116094101-6614', 99600.00, 'Cancelled', '2025-11-16 01:41:01', '2025-12-12 05:40:15'),
(45, 18, NULL, 'ORD-20251210201950-4380', 33300.00, 'Pending', '2025-12-10 12:19:50', '2025-12-12 05:40:15'),
(46, 17, NULL, 'ORD-20251125091039-3316', 135000.00, 'Completed', '2025-11-25 01:10:39', '2025-12-12 05:40:15'),
(47, 14, NULL, 'ORD-20251203194554-5332', 67200.00, 'Cancelled', '2025-12-03 11:45:54', '2025-12-12 05:40:15'),
(48, 27, NULL, 'ORD-20251204035503-4814', 12000.00, 'Processing', '2025-12-03 19:55:03', '2025-12-12 05:40:15'),
(49, 14, NULL, 'ORD-20251126230341-8073', 69900.00, 'Processing', '2025-11-26 15:03:41', '2025-12-12 05:40:15'),
(50, 13, NULL, 'ORD-20251125092951-8279', 143500.00, 'Pending', '2025-11-25 01:29:51', '2025-12-12 05:40:15'),
(51, 18, NULL, 'ORD-20251124202809-8343', 42900.00, 'Cancelled', '2025-11-24 12:28:09', '2025-12-12 05:40:15'),
(52, 15, NULL, 'ORD-20251206154755-4482', 40500.00, 'Completed', '2025-12-06 07:47:55', '2025-12-12 05:40:16'),
(53, 19, NULL, 'ORD-20251202074724-2375', 74300.00, 'Pending', '2025-12-01 23:47:24', '2025-12-12 05:40:16'),
(54, 25, NULL, 'ORD-20251116164118-3438', 160500.00, 'Completed', '2025-11-16 08:41:18', '2025-12-12 05:40:16'),
(55, 17, NULL, 'ORD-20251202223508-5976', 700.00, 'Cancelled', '2025-12-02 14:35:08', '2025-12-12 05:40:16'),
(56, 16, NULL, 'ORD-20251124122659-5119', 146000.00, 'Completed', '2025-11-24 04:26:59', '2025-12-12 05:40:16'),
(57, 19, NULL, 'ORD-20251124110510-3620', 48600.00, 'Pending', '2025-11-24 03:05:10', '2025-12-12 05:40:16'),
(58, 13, NULL, 'ORD-20251209152940-8167', 40900.00, 'Completed', '2025-12-09 07:29:40', '2025-12-12 05:40:16'),
(59, 25, NULL, 'ORD-20251205032449-7036', 32600.00, 'Cancelled', '2025-12-04 19:24:49', '2025-12-12 05:40:16'),
(60, 21, NULL, 'ORD-20251204204813-3968', 25800.00, 'Cancelled', '2025-12-04 12:48:13', '2025-12-12 05:40:16'),
(61, 26, NULL, 'ORD-20251204183047-4772', 25650.00, 'Completed', '2025-12-04 10:30:47', '2025-12-12 05:40:16'),
(62, 25, NULL, 'ORD-20251115013631-5839', 12000.00, 'Pending', '2025-11-14 17:36:31', '2025-12-12 05:40:16'),
(63, 22, NULL, 'ORD-20251124060829-8258', 28700.00, 'Cancelled', '2025-11-23 22:08:29', '2025-12-12 05:40:16'),
(64, 23, NULL, 'ORD-20251206011944-4027', 32200.00, 'Processing', '2025-12-05 17:19:44', '2025-12-12 05:40:16'),
(65, 16, NULL, 'ORD-20251124233616-1853', 153100.00, 'Pending', '2025-11-24 15:36:16', '2025-12-12 05:40:16'),
(66, 18, NULL, 'ORD-20251202202857-8205', 73000.00, 'Completed', '2025-12-02 12:28:57', '2025-12-12 05:40:16'),
(67, 21, NULL, 'ORD-20251112174537-7075', 52900.00, 'Processing', '2025-11-12 09:45:37', '2025-12-12 05:40:16'),
(68, 16, NULL, 'ORD-20251123175555-8476', 174000.00, 'Completed', '2025-11-23 09:55:55', '2025-12-12 05:40:16'),
(69, 20, NULL, 'ORD-20251128110335-2964', 107457.00, 'Cancelled', '2025-11-28 03:03:35', '2025-12-12 05:46:38'),
(70, 43, NULL, 'ORD-20251102215024-4528', 26597.00, 'Cancelled', '2025-11-02 13:50:24', '2025-12-12 05:46:38'),
(71, 21, NULL, 'ORD-20251207084741-6779', 102581.00, 'Processing', '2025-12-07 00:47:41', '2025-12-12 05:46:38'),
(72, 38, NULL, 'ORD-20251123153524-4153', 32050.00, 'Completed', '2025-11-23 07:35:24', '2025-12-12 05:46:38'),
(73, 28, NULL, 'ORD-20251128005013-5755', 182681.00, 'Completed', '2025-11-27 16:50:13', '2025-12-12 05:46:38'),
(74, 58, NULL, 'ORD-20251211032857-5409', 50576.00, 'Cancelled', '2025-12-10 19:28:57', '2025-12-12 05:46:38'),
(75, 17, NULL, 'ORD-20251122235219-8609', 20587.00, 'Cancelled', '2025-11-22 15:52:19', '2025-12-12 05:46:38'),
(76, 18, NULL, 'ORD-20251129211044-9113', 137692.00, 'Completed', '2025-11-29 13:10:44', '2025-12-12 05:46:38'),
(77, 1, NULL, 'ORD-20251209201010-1543', 288593.00, 'Pending', '2025-12-09 12:10:10', '2025-12-12 05:46:38'),
(78, 29, NULL, 'ORD-20251025164453-9213', 178889.00, 'Pending', '2025-10-25 08:44:53', '2025-12-12 05:46:38'),
(79, 54, NULL, 'ORD-20251129150819-6665', 171504.00, 'Processing', '2025-11-29 07:08:19', '2025-12-12 05:46:38'),
(80, 58, NULL, 'ORD-20251028053222-4823', 98642.00, 'Cancelled', '2025-10-27 21:32:22', '2025-12-12 05:46:38'),
(81, 19, NULL, 'ORD-20251103003537-5275', 162872.00, 'Processing', '2025-11-02 16:35:37', '2025-12-12 05:46:38'),
(82, 58, NULL, 'ORD-20251030164604-1059', 376935.00, 'Completed', '2025-10-30 08:46:04', '2025-12-12 05:46:38'),
(83, 37, NULL, 'ORD-20251021133908-1929', 49443.00, 'Cancelled', '2025-10-21 05:39:08', '2025-12-12 05:46:38'),
(84, 53, NULL, 'ORD-20251211163601-5962', 30000.00, 'Processing', '2025-12-11 08:36:01', '2025-12-12 05:46:38'),
(85, 22, NULL, 'ORD-20251105001016-8174', 48008.00, 'Completed', '2025-11-04 16:10:16', '2025-12-12 05:46:38'),
(86, 30, NULL, 'ORD-20251023045429-7542', 193564.00, 'Completed', '2025-10-22 20:54:29', '2025-12-12 05:46:38'),
(87, 39, NULL, 'ORD-20251021020407-6820', 68453.00, 'Completed', '2025-10-20 18:04:07', '2025-12-12 05:46:38'),
(88, 31, NULL, 'ORD-20251121190707-7530', 322668.00, 'Completed', '2025-11-21 11:07:07', '2025-12-12 05:46:38'),
(89, 54, NULL, 'ORD-20251112161900-5639', 262812.00, 'Cancelled', '2025-11-12 08:19:00', '2025-12-12 05:46:38'),
(90, 49, NULL, 'ORD-20251202161055-2636', 333986.00, 'Pending', '2025-12-02 08:10:55', '2025-12-12 05:46:38'),
(91, 47, NULL, 'ORD-20251104131609-3855', 300813.00, 'Cancelled', '2025-11-04 05:16:09', '2025-12-12 05:46:38'),
(92, 20, NULL, 'ORD-20251026174540-2138', 336982.00, 'Pending', '2025-10-26 09:45:40', '2025-12-12 05:46:38'),
(93, 43, NULL, 'ORD-20251105155737-1756', 13284.00, 'Pending', '2025-11-05 07:57:37', '2025-12-12 05:46:38'),
(94, 45, NULL, 'ORD-20251112010606-5585', 269226.00, 'Cancelled', '2025-11-11 17:06:06', '2025-12-12 05:46:38'),
(95, 41, NULL, 'ORD-20251101204631-1770', 222969.00, 'Processing', '2025-11-01 12:46:31', '2025-12-12 05:46:38'),
(96, 53, NULL, 'ORD-20251021093100-3944', 147234.00, 'Cancelled', '2025-10-21 01:31:00', '2025-12-12 05:46:38'),
(97, 32, NULL, 'ORD-20251029145910-3150', 40933.00, 'Completed', '2025-10-29 06:59:10', '2025-12-12 05:46:38'),
(98, 58, NULL, 'ORD-20251029003351-3454', 187741.00, 'Completed', '2025-10-28 16:33:51', '2025-12-12 05:46:38'),
(99, 28, NULL, 'ORD-20251206192031-7790', 208856.00, 'Completed', '2025-12-06 11:20:31', '2025-12-12 05:46:38'),
(100, 14, NULL, 'ORD-20251121174822-2863', 447332.00, 'Pending', '2025-11-21 09:48:22', '2025-12-12 05:46:38'),
(101, 49, NULL, 'ORD-20251128230026-1611', 203851.00, 'Cancelled', '2025-11-28 15:00:26', '2025-12-12 05:46:38'),
(102, 19, NULL, 'ORD-20251130192057-9997', 212802.00, 'Pending', '2025-11-30 11:20:57', '2025-12-12 05:46:38'),
(103, 35, NULL, 'ORD-20251115000433-5216', 40570.00, 'Completed', '2025-11-14 16:04:33', '2025-12-12 05:46:38'),
(104, 49, NULL, 'ORD-20251025181246-3279', 104222.00, 'Cancelled', '2025-10-25 10:12:46', '2025-12-12 05:46:38'),
(105, 26, NULL, 'ORD-20251030213326-7870', 149284.00, 'Processing', '2025-10-30 13:33:26', '2025-12-12 05:46:38'),
(106, 27, NULL, 'ORD-20251211070710-9231', 468994.00, 'Processing', '2025-12-10 23:07:10', '2025-12-12 05:46:38'),
(107, 52, NULL, 'ORD-20251113011028-2741', 166036.00, 'Completed', '2025-11-12 17:10:28', '2025-12-12 05:46:38'),
(108, 28, NULL, 'ORD-20251130082200-5511', 48008.00, 'Processing', '2025-11-30 00:22:00', '2025-12-12 05:46:38'),
(109, 47, NULL, 'ORD-20251015201414-7949', 43451.00, 'Cancelled', '2025-10-15 12:14:14', '2025-12-12 05:46:38'),
(110, 59, NULL, 'ORD-20251121075348-4625', 269478.00, 'Completed', '2025-11-20 23:53:48', '2025-12-12 05:46:38'),
(111, 16, NULL, 'ORD-20251115082832-1778', 86433.00, 'Processing', '2025-11-15 00:28:32', '2025-12-12 05:46:38'),
(112, 18, NULL, 'ORD-20251013124539-3030', 73907.00, 'Completed', '2025-10-13 04:45:39', '2025-12-12 05:46:38'),
(113, 21, NULL, 'ORD-20251104185249-2400', 956.00, 'Pending', '2025-11-04 10:52:49', '2025-12-12 05:46:38'),
(114, 24, NULL, 'ORD-20251205004156-4950', 165270.00, 'Cancelled', '2025-12-04 16:41:56', '2025-12-12 05:46:38'),
(115, 54, NULL, 'ORD-20251024150838-8351', 6128.00, 'Cancelled', '2025-10-24 07:08:38', '2025-12-12 05:46:38'),
(116, 51, NULL, 'ORD-20251022155056-9914', 485654.00, 'Processing', '2025-10-22 07:50:56', '2025-12-12 05:46:38'),
(117, 18, NULL, 'ORD-20251016033510-7728', 230580.00, 'Processing', '2025-10-15 19:35:10', '2025-12-12 05:46:38'),
(118, 28, NULL, 'ORD-20251201010338-1789', 370736.00, 'Cancelled', '2025-11-30 17:03:38', '2025-12-12 05:46:38'),
(119, 1, NULL, 'ORD-??-20251119-1649', 357447.00, 'Completed', '2025-11-19 08:58:04', '2025-12-12 05:50:41'),
(120, 1, NULL, 'ORD-??-20251028-8946', 64100.00, 'Completed', '2025-10-28 15:20:09', '2025-12-12 05:50:41'),
(121, 1, NULL, 'ORD-??-20251128-7527', 1434.00, 'Completed', '2025-11-28 14:02:12', '2025-12-12 05:50:41'),
(122, 1, NULL, 'ORD-??-20251119-1699', 156024.00, 'Completed', '2025-11-19 08:23:41', '2025-12-12 05:50:41'),
(123, 13, NULL, 'ORD-PA-20251209-7787', 134633.00, 'Completed', '2025-12-09 12:40:12', '2025-12-12 05:50:41'),
(124, 13, NULL, 'ORD-PA-20251009-5222', 347511.00, 'Processing', '2025-10-09 04:24:34', '2025-12-12 05:50:41'),
(125, 13, NULL, 'ORD-PA-20251208-1062', 456707.00, 'Completed', '2025-12-08 08:58:08', '2025-12-12 05:50:41'),
(126, 13, NULL, 'ORD-PA-20251209-1201', 280400.00, 'Completed', '2025-12-08 20:36:05', '2025-12-12 05:50:41'),
(127, 13, NULL, 'ORD-PA-20251011-6631', 336066.00, 'Completed', '2025-10-10 17:34:42', '2025-12-12 05:50:41'),
(128, 14, NULL, 'ORD-MI-20251018-6210', 65576.00, 'Completed', '2025-10-17 17:05:54', '2025-12-12 05:50:41'),
(129, 14, NULL, 'ORD-MI-20250923-1555', 381536.00, 'Completed', '2025-09-23 01:11:41', '2025-12-12 05:50:41'),
(130, 15, NULL, 'ORD-PA-20251111-1395', 409561.00, 'Completed', '2025-11-11 00:09:51', '2025-12-12 05:50:41'),
(131, 15, NULL, 'ORD-PA-20251013-5685', 118277.00, 'Processing', '2025-10-13 09:11:19', '2025-12-12 05:50:41'),
(132, 15, NULL, 'ORD-PA-20250920-2385', 36910.00, 'Completed', '2025-09-20 04:09:31', '2025-12-12 05:50:41'),
(133, 16, NULL, 'ORD-MI-20251016-3801', 46668.00, 'Completed', '2025-10-15 17:56:19', '2025-12-12 05:50:41'),
(134, 16, NULL, 'ORD-MI-20250927-7493', 277273.00, 'Pending', '2025-09-26 17:20:40', '2025-12-12 05:50:41'),
(135, 17, NULL, 'ORD-JO-20251129-4122', 242681.00, 'Completed', '2025-11-28 23:47:16', '2025-12-12 05:50:41'),
(136, 17, NULL, 'ORD-JO-20251110-5327', 282756.00, 'Completed', '2025-11-10 09:44:51', '2025-12-12 05:50:41'),
(137, 17, NULL, 'ORD-JO-20250925-6536', 165753.00, 'Shipped', '2025-09-25 15:50:23', '2025-12-12 05:50:41'),
(138, 18, NULL, 'ORD-PA-20251015-3014', 172894.00, 'Cancelled', '2025-10-15 12:37:42', '2025-12-12 05:50:41'),
(139, 19, NULL, 'ORD-JE-20251031-4590', 253958.00, 'Completed', '2025-10-31 04:22:52', '2025-12-12 05:50:41'),
(140, 20, NULL, 'ORD-MA-20250918-9113', 135751.00, 'Completed', '2025-09-17 17:22:38', '2025-12-12 05:50:41'),
(141, 21, NULL, 'ORD-WI-20251103-1342', 24843.00, 'Shipped', '2025-11-03 08:11:40', '2025-12-12 05:50:41'),
(142, 21, NULL, 'ORD-WI-20250916-8053', 57138.00, 'Cancelled', '2025-09-16 08:12:46', '2025-12-12 05:50:41'),
(143, 21, NULL, 'ORD-WI-20251013-6521', 70002.00, 'Completed', '2025-10-13 11:04:44', '2025-12-12 05:50:41'),
(144, 21, NULL, 'ORD-WI-20251102-9020', 77693.00, 'Shipped', '2025-11-02 12:15:27', '2025-12-12 05:50:41'),
(145, 22, NULL, 'ORD-LI-20251208-2019', 94681.00, 'Completed', '2025-12-07 17:39:40', '2025-12-12 05:50:41'),
(146, 22, NULL, 'ORD-LI-20250925-2547', 65730.00, 'Completed', '2025-09-25 08:13:17', '2025-12-12 05:50:41'),
(147, 22, NULL, 'ORD-LI-20251201-8133', 90024.00, 'Completed', '2025-12-01 01:38:35', '2025-12-12 05:50:41'),
(148, 22, NULL, 'ORD-LI-20251208-1996', 100438.00, 'Processing', '2025-12-07 18:55:26', '2025-12-12 05:50:41'),
(149, 23, NULL, 'ORD-EL-20251205-2882', 112291.00, 'Completed', '2025-12-05 09:53:57', '2025-12-12 05:50:41'),
(150, 23, NULL, 'ORD-EL-20251030-7186', 277046.00, 'Completed', '2025-10-29 23:20:28', '2025-12-12 05:50:41'),
(151, 23, NULL, 'ORD-EL-20250922-8997', 387085.00, 'Completed', '2025-09-22 03:27:45', '2025-12-12 05:50:41'),
(152, 23, NULL, 'ORD-EL-20250927-6991', 129135.00, 'Completed', '2025-09-27 12:35:57', '2025-12-12 05:50:41'),
(153, 24, NULL, 'ORD-JA-20251204-9488', 272766.00, 'Completed', '2025-12-03 19:34:44', '2025-12-12 05:50:41'),
(154, 24, NULL, 'ORD-JA-20251001-2353', 188255.00, 'Completed', '2025-10-01 13:08:54', '2025-12-12 05:50:41'),
(155, 25, NULL, 'ORD-RO-20251022-8125', 101159.00, 'Completed', '2025-10-22 03:35:32', '2025-12-12 05:50:41'),
(156, 25, NULL, 'ORD-RO-20251117-6067', 136704.00, 'Completed', '2025-11-17 11:43:58', '2025-12-12 05:50:41'),
(157, 26, NULL, 'ORD-LI-20251006-5154', 128469.00, 'Refunded', '2025-10-06 03:22:00', '2025-12-12 05:50:41'),
(158, 26, NULL, 'ORD-LI-20250918-5102', 278739.00, 'Pending', '2025-09-18 11:31:14', '2025-12-12 05:50:41'),
(159, 26, NULL, 'ORD-LI-20250921-1817', 59188.00, 'Refunded', '2025-09-21 07:35:39', '2025-12-12 05:50:41'),
(160, 26, NULL, 'ORD-LI-20251016-7221', 83018.00, 'Completed', '2025-10-15 21:31:25', '2025-12-12 05:50:41'),
(161, 26, NULL, 'ORD-LI-20251005-7569', 52711.00, 'Completed', '2025-10-05 11:38:30', '2025-12-12 05:50:41'),
(162, 27, NULL, 'ORD-MA-20251211-4638', 81866.00, 'Completed', '2025-12-11 13:27:35', '2025-12-12 05:50:41'),
(163, 27, NULL, 'ORD-MA-20251212-7275', 244575.00, 'Completed', '2025-12-11 18:26:44', '2025-12-12 05:50:41'),
(164, 27, NULL, 'ORD-MA-20251205-8665', 81140.00, 'Completed', '2025-12-04 20:20:31', '2025-12-12 05:50:41'),
(165, 28, NULL, 'ORD-LI-20250925-7808', 233997.00, 'Processing', '2025-09-25 07:46:15', '2025-12-12 05:50:41'),
(166, 28, NULL, 'ORD-LI-20251104-4004', 328955.00, 'Completed', '2025-11-04 00:30:32', '2025-12-12 05:50:41'),
(167, 29, NULL, 'ORD-LI-20251130-7621', 93992.00, 'Cancelled', '2025-11-30 05:53:30', '2025-12-12 05:50:41'),
(168, 29, NULL, 'ORD-LI-20250930-1514', 174601.00, 'Completed', '2025-09-29 23:02:46', '2025-12-12 05:50:41'),
(169, 29, NULL, 'ORD-LI-20250920-4706', 266150.00, 'Completed', '2025-09-20 03:45:29', '2025-12-12 05:50:41'),
(170, 29, NULL, 'ORD-LI-20251129-1424', 236916.00, 'Completed', '2025-11-29 13:23:00', '2025-12-12 05:50:41'),
(171, 29, NULL, 'ORD-LI-20251208-2218', 272906.00, 'Completed', '2025-12-08 15:03:40', '2025-12-12 05:50:41'),
(172, 30, NULL, 'ORD-KA-20251112-4224', 129541.00, 'Shipped', '2025-11-12 02:24:10', '2025-12-12 05:50:41'),
(173, 30, NULL, 'ORD-KA-20251021-6267', 40933.00, 'Completed', '2025-10-21 02:45:21', '2025-12-12 05:50:41'),
(174, 30, NULL, 'ORD-KA-20250924-8343', 234693.00, 'Completed', '2025-09-24 06:31:15', '2025-12-12 05:50:41'),
(175, 31, NULL, 'ORD-MI-20251030-9850', 301228.00, 'Cancelled', '2025-10-30 04:43:49', '2025-12-12 05:50:41'),
(176, 31, NULL, 'ORD-MI-20251125-2091', 368182.00, 'Completed', '2025-11-24 16:18:43', '2025-12-12 05:50:41'),
(177, 31, NULL, 'ORD-MI-20251031-4015', 254137.00, 'Pending', '2025-10-31 04:56:02', '2025-12-12 05:50:41'),
(178, 32, NULL, 'ORD-CH-20251125-5773', 201632.00, 'Completed', '2025-11-24 19:42:54', '2025-12-12 05:50:41'),
(179, 33, NULL, 'ORD-LI-20251109-8385', 313688.00, 'Completed', '2025-11-09 02:09:26', '2025-12-12 05:50:41'),
(180, 33, NULL, 'ORD-LI-20251211-5249', 74958.00, 'Refunded', '2025-12-11 15:30:31', '2025-12-12 05:50:41'),
(181, 33, NULL, 'ORD-LI-20251104-9054', 33174.00, 'Refunded', '2025-11-03 17:19:12', '2025-12-12 05:50:41'),
(182, 33, NULL, 'ORD-LI-20250926-8193', 46242.00, 'Processing', '2025-09-26 14:12:33', '2025-12-12 05:50:41'),
(183, 34, NULL, 'ORD-JE-20251210-6786', 229735.00, 'Completed', '2025-12-10 04:58:40', '2025-12-12 05:50:41'),
(184, 34, NULL, 'ORD-JE-20251110-8028', 414191.00, 'Completed', '2025-11-10 05:39:21', '2025-12-12 05:50:41'),
(185, 34, NULL, 'ORD-JE-20251109-9846', 96957.00, 'Completed', '2025-11-09 07:14:44', '2025-12-12 05:50:41'),
(186, 35, NULL, 'ORD-JO-20250929-2621', 156617.00, 'Completed', '2025-09-29 10:40:26', '2025-12-12 05:50:41'),
(187, 36, NULL, 'ORD-EL-20251130-9542', 9600.00, 'Completed', '2025-11-29 21:32:17', '2025-12-12 05:50:41'),
(188, 36, NULL, 'ORD-EL-20251024-1103', 140834.00, 'Cancelled', '2025-10-24 10:06:35', '2025-12-12 05:50:41'),
(189, 36, NULL, 'ORD-EL-20250914-8518', 285347.00, 'Pending', '2025-09-14 12:25:07', '2025-12-12 05:50:41'),
(190, 37, NULL, 'ORD-PA-20251028-5674', 326530.00, 'Completed', '2025-10-27 21:13:36', '2025-12-12 05:50:41'),
(191, 38, NULL, 'ORD-JO-20251026-1058', 156749.00, 'Processing', '2025-10-25 17:51:03', '2025-12-12 05:50:41'),
(192, 38, NULL, 'ORD-JO-20251127-5646', 33901.00, 'Completed', '2025-11-27 01:24:13', '2025-12-12 05:50:41'),
(193, 38, NULL, 'ORD-JO-20250927-2201', 69931.00, 'Completed', '2025-09-27 04:47:32', '2025-12-12 05:50:41'),
(194, 39, NULL, 'ORD-KA-20251206-5506', 264409.00, 'Completed', '2025-12-06 06:59:13', '2025-12-12 05:50:41'),
(195, 39, NULL, 'ORD-KA-20251117-4934', 158502.00, 'Completed', '2025-11-17 00:40:00', '2025-12-12 05:50:41'),
(196, 39, NULL, 'ORD-KA-20251004-4817', 109006.00, 'Completed', '2025-10-04 13:33:49', '2025-12-12 05:50:41'),
(197, 39, NULL, 'ORD-KA-20251127-7293', 42375.00, 'Completed', '2025-11-27 04:17:10', '2025-12-12 05:50:41'),
(198, 40, NULL, 'ORD-JO-20251110-4213', 44108.00, 'Completed', '2025-11-10 14:43:54', '2025-12-12 05:50:41'),
(199, 41, NULL, 'ORD-NA-20251101-7399', 139332.00, 'Cancelled', '2025-10-31 18:27:35', '2025-12-12 05:50:41'),
(200, 42, NULL, 'ORD-CH-20251103-6914', 181107.00, 'Refunded', '2025-11-03 09:44:14', '2025-12-12 05:50:41'),
(201, 43, NULL, 'ORD-JE-20251201-7770', 57156.00, 'Completed', '2025-12-01 11:52:27', '2025-12-12 05:50:41'),
(202, 43, NULL, 'ORD-JE-20250926-1201', 186317.00, 'Completed', '2025-09-25 22:38:36', '2025-12-12 05:50:41'),
(203, 44, NULL, 'ORD-JA-20251207-5533', 123480.00, 'Completed', '2025-12-07 10:39:22', '2025-12-12 05:50:41'),
(204, 44, NULL, 'ORD-JA-20251021-3555', 135164.00, 'Completed', '2025-10-21 03:19:58', '2025-12-12 05:50:41'),
(205, 44, NULL, 'ORD-JA-20251030-9522', 331798.00, 'Refunded', '2025-10-29 17:56:49', '2025-12-12 05:50:41'),
(206, 44, NULL, 'ORD-JA-20251124-4657', 103741.00, 'Refunded', '2025-11-23 20:19:06', '2025-12-12 05:50:41'),
(207, 45, NULL, 'ORD-LI-20251018-8546', 78119.00, 'Completed', '2025-10-17 20:18:23', '2025-12-12 05:50:41'),
(208, 46, NULL, 'ORD-LI-20251016-9756', 143436.00, 'Completed', '2025-10-15 16:46:10', '2025-12-12 05:50:41'),
(209, 46, NULL, 'ORD-LI-20250924-5889', 84150.00, 'Refunded', '2025-09-24 13:50:11', '2025-12-12 05:50:41'),
(210, 46, NULL, 'ORD-LI-20251011-6745', 174672.00, 'Completed', '2025-10-10 22:13:55', '2025-12-12 05:50:41'),
(211, 46, NULL, 'ORD-LI-20250930-6082', 153242.00, 'Completed', '2025-09-29 16:32:29', '2025-12-12 05:50:41'),
(212, 46, NULL, 'ORD-LI-20250923-2518', 83281.00, 'Completed', '2025-09-23 12:17:08', '2025-12-12 05:50:41'),
(213, 47, NULL, 'ORD-JO-20251106-5632', 211932.00, 'Shipped', '2025-11-06 11:47:21', '2025-12-12 05:50:41'),
(214, 47, NULL, 'ORD-JO-20251113-4061', 311777.00, 'Completed', '2025-11-13 05:15:40', '2025-12-12 05:50:41'),
(215, 47, NULL, 'ORD-JO-20251211-8330', 127733.00, 'Completed', '2025-12-11 06:55:20', '2025-12-12 05:50:41'),
(216, 47, NULL, 'ORD-JO-20251206-4220', 292632.00, 'Completed', '2025-12-05 22:27:21', '2025-12-12 05:50:41'),
(217, 48, NULL, 'ORD-WI-20250925-5490', 240228.00, 'Cancelled', '2025-09-24 19:50:41', '2025-12-12 05:50:41'),
(218, 48, NULL, 'ORD-WI-20251206-2490', 344210.00, 'Completed', '2025-12-06 14:43:26', '2025-12-12 05:50:41'),
(219, 48, NULL, 'ORD-WI-20251129-2347', 10388.00, 'Processing', '2025-11-29 09:28:21', '2025-12-12 05:50:41'),
(220, 48, NULL, 'ORD-WI-20251205-9358', 125271.00, 'Completed', '2025-12-04 16:32:01', '2025-12-12 05:50:41'),
(221, 48, NULL, 'ORD-WI-20251207-8341', 341494.00, 'Processing', '2025-12-07 12:09:04', '2025-12-12 05:50:41'),
(222, 49, NULL, 'ORD-DA-20250925-1477', 239799.00, 'Refunded', '2025-09-25 02:18:39', '2025-12-12 05:50:41'),
(223, 50, NULL, 'ORD-LI-20251007-3251', 82761.00, 'Completed', '2025-10-07 07:53:52', '2025-12-12 05:50:41'),
(224, 50, NULL, 'ORD-LI-20250914-3546', 334774.00, 'Completed', '2025-09-13 23:28:56', '2025-12-12 05:50:41'),
(225, 50, NULL, 'ORD-LI-20250930-1938', 4353.00, 'Cancelled', '2025-09-30 14:13:25', '2025-12-12 05:50:41'),
(226, 50, NULL, 'ORD-LI-20251205-7788', 247568.00, 'Completed', '2025-12-05 10:02:21', '2025-12-12 05:50:41'),
(227, 50, NULL, 'ORD-LI-20251030-9320', 358887.00, 'Completed', '2025-10-29 19:42:48', '2025-12-12 05:50:41'),
(228, 51, NULL, 'ORD-MA-20251010-7833', 65730.00, 'Pending', '2025-10-09 18:55:35', '2025-12-12 05:50:41'),
(229, 51, NULL, 'ORD-MA-20250927-1600', 59799.00, 'Pending', '2025-09-26 18:44:28', '2025-12-12 05:50:41'),
(230, 51, NULL, 'ORD-MA-20251126-8689', 1532.00, 'Completed', '2025-11-26 13:25:10', '2025-12-12 05:50:41'),
(231, 51, NULL, 'ORD-MA-20250924-6510', 86768.00, 'Completed', '2025-09-23 21:39:43', '2025-12-12 05:50:41'),
(232, 51, NULL, 'ORD-MA-20251102-1981', 128469.00, 'Completed', '2025-11-01 17:16:08', '2025-12-12 05:50:41'),
(233, 52, NULL, 'ORD-KA-20250917-9159', 208850.00, 'Pending', '2025-09-17 11:22:25', '2025-12-12 05:50:41'),
(234, 52, NULL, 'ORD-KA-20251207-8764', 96909.00, 'Pending', '2025-12-07 12:47:34', '2025-12-12 05:50:41'),
(235, 52, NULL, 'ORD-KA-20251111-5549', 79990.00, 'Completed', '2025-11-11 11:08:17', '2025-12-12 05:50:41'),
(236, 53, NULL, 'ORD-DA-20251201-3767', 53829.00, 'Completed', '2025-12-01 00:53:37', '2025-12-12 05:50:41'),
(237, 53, NULL, 'ORD-DA-20251001-6323', 70002.00, 'Completed', '2025-10-01 00:25:40', '2025-12-12 05:50:41'),
(238, 53, NULL, 'ORD-DA-20251119-3458', 252872.00, 'Completed', '2025-11-18 23:02:49', '2025-12-12 05:50:41'),
(239, 53, NULL, 'ORD-DA-20251119-7132', 46541.00, 'Completed', '2025-11-19 07:28:05', '2025-12-12 05:50:42'),
(240, 54, NULL, 'ORD-DA-20250925-7851', 232440.00, 'Completed', '2025-09-25 15:34:40', '2025-12-12 05:50:42'),
(241, 55, NULL, 'ORD-RI-20251211-9009', 130204.00, 'Completed', '2025-12-11 15:25:49', '2025-12-12 05:50:42'),
(242, 55, NULL, 'ORD-RI-20250930-7946', 361548.00, 'Pending', '2025-09-30 03:43:22', '2025-12-12 05:50:42'),
(243, 55, NULL, 'ORD-RI-20251119-1980', 87185.00, 'Completed', '2025-11-19 10:23:00', '2025-12-12 05:50:42'),
(244, 55, NULL, 'ORD-RI-20251110-5661', 281002.00, 'Completed', '2025-11-10 07:25:05', '2025-12-12 05:50:42'),
(245, 55, NULL, 'ORD-RI-20251115-2164', 291028.00, 'Completed', '2025-11-15 06:06:46', '2025-12-12 05:50:42'),
(246, 56, NULL, 'ORD-JO-20251002-7814', 27647.00, 'Pending', '2025-10-01 23:03:04', '2025-12-12 05:50:42'),
(247, 56, NULL, 'ORD-JO-20251019-1438', 65056.00, 'Completed', '2025-10-18 21:33:51', '2025-12-12 05:50:42'),
(248, 57, NULL, 'ORD-JE-20251115-5606', 7181.00, 'Completed', '2025-11-15 09:25:59', '2025-12-12 05:50:42'),
(249, 58, NULL, 'ORD-DA-20250927-3980', 88670.00, 'Shipped', '2025-09-27 09:17:58', '2025-12-12 05:50:42'),
(250, 58, NULL, 'ORD-DA-20251010-1158', 263582.00, 'Completed', '2025-10-10 15:00:00', '2025-12-12 05:50:42'),
(251, 58, NULL, 'ORD-DA-20251201-1038', 271794.00, 'Completed', '2025-11-30 17:48:07', '2025-12-12 05:50:42'),
(252, 59, NULL, 'ORD-LI-20251012-9750', 266587.00, 'Completed', '2025-10-12 06:54:07', '2025-12-12 05:50:42'),
(253, 60, NULL, 'ORD-MA-20250917-2849', 119919.00, 'Completed', '2025-09-17 15:58:39', '2025-12-12 05:50:42'),
(254, 61, NULL, 'ORD-LI-20250915-7961', 157850.00, 'Pending', '2025-09-15 11:39:06', '2025-12-12 05:50:42'),
(255, 61, NULL, 'ORD-LI-20250921-4352', 21910.00, 'Shipped', '2025-09-21 00:45:17', '2025-12-12 05:50:42'),
(256, 1, NULL, 'ORD-20251212120056-9121', 72982.00, 'Pending', '2025-12-12 11:00:56', '2025-12-12 11:00:56'),
(257, 1, NULL, 'ORD-20251218113417-5323', 350.00, 'Pending', '2025-12-18 10:34:17', '2025-12-18 10:34:17'),
(258, 1, NULL, 'ORD-20251218113934-2990', 3200.00, 'Pending', '2025-12-18 10:39:34', '2025-12-18 10:39:34'),
(259, 1, NULL, 'ORD-20251219091719-7424', 26534.00, 'Pending', '2025-12-19 08:17:19', '2025-12-19 08:19:19'),
(260, 1, NULL, 'ORD-20251219092838-9321', 24303.00, 'Pending', '2025-12-19 08:28:38', '2025-12-19 08:29:59');

-- --------------------------------------------------------

--
-- 資料表結構 `order_items`
--

CREATE TABLE `order_items` (
  `id` int(11) NOT NULL,
  `order_id` int(11) NOT NULL,
  `product_id` int(11) NOT NULL,
  `product_name` varchar(255) NOT NULL,
  `quantity` int(11) NOT NULL,
  `price` decimal(10,2) NOT NULL,
  `created_at` timestamp NOT NULL DEFAULT current_timestamp(),
  `subtotal` decimal(10,2) NOT NULL
) ENGINE=InnoDB DEFAULT CHARSET=utf8mb4 COLLATE=utf8mb4_unicode_ci;

--
-- 傾印資料表的資料 `order_items`
--

INSERT INTO `order_items` (`id`, `order_id`, `product_id`, `product_name`, `quantity`, `price`, `created_at`, `subtotal`) VALUES
(1, 4, 2, 'Premium Office Chair', 1, 8500.00, '2025-12-12 05:19:27', 8500.00),
(2, 4, 7, '4K Monitor 27-inch', 1, 15000.00, '2025-12-12 05:19:27', 15000.00),
(3, 4, 8, 'Vintage Film Camera', 1, 5500.00, '2025-12-12 05:19:27', 5500.00),
(4, 6, 2, 'Premium Office Chair', 1, 8500.00, '2025-12-12 05:21:23', 8500.00),
(5, 6, 7, '4K Monitor 27-inch', 1, 15000.00, '2025-12-12 05:21:23', 15000.00),
(6, 6, 8, 'Vintage Film Camera', 1, 5500.00, '2025-12-12 05:21:23', 5500.00),
(7, 7, 3, 'Mechanical Keyboard', 1, 3200.00, '2025-12-12 05:30:30', 3200.00),
(8, 7, 8, 'Vintage Film Camera', 1, 5500.00, '2025-12-12 05:30:30', 5500.00),
(9, 8, 7, '4K Monitor 27-inch', 1, 15000.00, '2025-12-12 05:34:10', 15000.00),
(10, 8, 8, 'Vintage Film Camera', 1, 5500.00, '2025-12-12 05:34:10', 5500.00),
(11, 9, 1, 'Professional Camera Kit', 2, 45000.00, '2025-12-12 05:38:26', 90000.00),
(12, 10, 4, 'Wireless Noise-Canceling Headphones', 3, 7900.00, '2025-12-12 05:38:26', 23700.00),
(13, 10, 5, 'Smart Watch Series 5', 2, 12000.00, '2025-12-12 05:38:26', 24000.00),
(14, 11, 5, 'Smart Watch Series 5', 3, 12000.00, '2025-12-12 05:38:26', 36000.00),
(15, 11, 4, 'Wireless Noise-Canceling Headphones', 2, 7900.00, '2025-12-12 05:38:26', 15800.00),
(16, 11, 8, 'Vintage Film Camera', 2, 5500.00, '2025-12-12 05:38:26', 11000.00),
(17, 11, 8, 'Vintage Film Camera', 2, 5500.00, '2025-12-12 05:38:26', 11000.00),
(18, 12, 5, 'Smart Watch Series 5', 3, 12000.00, '2025-12-12 05:38:26', 36000.00),
(19, 13, 1, 'Professional Camera Kit', 3, 45000.00, '2025-12-12 05:38:26', 135000.00),
(20, 13, 8, 'Vintage Film Camera', 2, 5500.00, '2025-12-12 05:38:26', 11000.00),
(21, 13, 8, 'Vintage Film Camera', 1, 5500.00, '2025-12-12 05:38:26', 5500.00),
(22, 14, 6, 'Designer Coffee Mug', 3, 350.00, '2025-12-12 05:38:26', 1050.00),
(23, 14, 3, 'Mechanical Keyboard', 2, 3200.00, '2025-12-12 05:38:26', 6400.00),
(24, 14, 2, 'Premium Office Chair', 1, 8500.00, '2025-12-12 05:38:26', 8500.00),
(25, 14, 8, 'Vintage Film Camera', 3, 5500.00, '2025-12-12 05:38:26', 16500.00),
(26, 15, 2, 'Premium Office Chair', 3, 8500.00, '2025-12-12 05:38:26', 25500.00),
(27, 15, 8, 'Vintage Film Camera', 2, 5500.00, '2025-12-12 05:38:26', 11000.00),
(28, 16, 5, 'Smart Watch Series 5', 3, 12000.00, '2025-12-12 05:38:26', 36000.00),
(29, 17, 1, 'Professional Camera Kit', 1, 45000.00, '2025-12-12 05:38:26', 45000.00),
(30, 17, 3, 'Mechanical Keyboard', 2, 3200.00, '2025-12-12 05:38:26', 6400.00),
(31, 17, 5, 'Smart Watch Series 5', 3, 12000.00, '2025-12-12 05:38:26', 36000.00),
(32, 18, 7, '4K Monitor 27-inch', 3, 15000.00, '2025-12-12 05:38:26', 45000.00),
(33, 18, 7, '4K Monitor 27-inch', 2, 15000.00, '2025-12-12 05:38:26', 30000.00),
(34, 18, 8, 'Vintage Film Camera', 2, 5500.00, '2025-12-12 05:38:26', 11000.00),
(35, 19, 4, 'Wireless Noise-Canceling Headphones', 1, 7900.00, '2025-12-12 05:38:26', 7900.00),
(36, 19, 8, 'Vintage Film Camera', 1, 5500.00, '2025-12-12 05:38:26', 5500.00),
(37, 20, 4, 'Wireless Noise-Canceling Headphones', 1, 7900.00, '2025-12-12 05:38:26', 7900.00),
(38, 21, 3, 'Mechanical Keyboard', 3, 3200.00, '2025-12-12 05:38:26', 9600.00),
(39, 21, 3, 'Mechanical Keyboard', 2, 3200.00, '2025-12-12 05:38:26', 6400.00),
(40, 21, 1, 'Professional Camera Kit', 3, 45000.00, '2025-12-12 05:38:26', 135000.00),
(41, 21, 6, 'Designer Coffee Mug', 2, 350.00, '2025-12-12 05:38:26', 700.00),
(42, 22, 2, 'Premium Office Chair', 1, 8500.00, '2025-12-12 05:38:26', 8500.00),
(43, 22, 5, 'Smart Watch Series 5', 2, 12000.00, '2025-12-12 05:38:26', 24000.00),
(44, 22, 7, '4K Monitor 27-inch', 3, 15000.00, '2025-12-12 05:38:26', 45000.00),
(45, 23, 8, 'Vintage Film Camera', 3, 5500.00, '2025-12-12 05:38:26', 16500.00),
(46, 23, 6, 'Designer Coffee Mug', 3, 350.00, '2025-12-12 05:38:26', 1050.00),
(47, 24, 2, 'Premium Office Chair', 3, 8500.00, '2025-12-12 05:38:26', 25500.00),
(48, 24, 3, 'Mechanical Keyboard', 3, 3200.00, '2025-12-12 05:38:26', 9600.00),
(49, 24, 4, 'Wireless Noise-Canceling Headphones', 3, 7900.00, '2025-12-12 05:38:26', 23700.00),
(50, 25, 2, 'Premium Office Chair', 3, 8500.00, '2025-12-12 05:38:26', 25500.00),
(51, 26, 4, 'Wireless Noise-Canceling Headphones', 1, 7900.00, '2025-12-12 05:38:26', 7900.00),
(52, 26, 8, 'Vintage Film Camera', 2, 5500.00, '2025-12-12 05:38:26', 11000.00),
(53, 26, 8, 'Vintage Film Camera', 1, 5500.00, '2025-12-12 05:38:26', 5500.00),
(54, 26, 7, '4K Monitor 27-inch', 2, 15000.00, '2025-12-12 05:38:26', 30000.00),
(55, 27, 7, '4K Monitor 27-inch', 3, 15000.00, '2025-12-12 05:38:26', 45000.00),
(56, 27, 6, 'Designer Coffee Mug', 1, 350.00, '2025-12-12 05:38:26', 350.00),
(57, 28, 7, '4K Monitor 27-inch', 3, 15000.00, '2025-12-12 05:38:26', 45000.00),
(58, 28, 3, 'Mechanical Keyboard', 3, 3200.00, '2025-12-12 05:38:26', 9600.00),
(59, 28, 7, '4K Monitor 27-inch', 1, 15000.00, '2025-12-12 05:38:26', 15000.00),
(60, 29, 5, 'Smart Watch Series 5', 1, 12000.00, '2025-12-12 05:38:26', 12000.00),
(61, 29, 4, 'Wireless Noise-Canceling Headphones', 1, 7900.00, '2025-12-12 05:38:26', 7900.00),
(62, 29, 4, 'Wireless Noise-Canceling Headphones', 2, 7900.00, '2025-12-12 05:38:26', 15800.00),
(63, 29, 3, 'Mechanical Keyboard', 1, 3200.00, '2025-12-12 05:38:26', 3200.00),
(64, 30, 2, 'Premium Office Chair', 3, 8500.00, '2025-12-12 05:38:26', 25500.00),
(65, 30, 3, 'Mechanical Keyboard', 2, 3200.00, '2025-12-12 05:38:26', 6400.00),
(66, 31, 5, 'Smart Watch Series 5', 1, 12000.00, '2025-12-12 05:38:26', 12000.00),
(67, 31, 2, 'Premium Office Chair', 2, 8500.00, '2025-12-12 05:38:26', 17000.00),
(68, 32, 7, '4K Monitor 27-inch', 1, 15000.00, '2025-12-12 05:38:26', 15000.00),
(69, 32, 6, 'Designer Coffee Mug', 3, 350.00, '2025-12-12 05:38:26', 1050.00),
(70, 33, 8, 'Vintage Film Camera', 3, 5500.00, '2025-12-12 05:38:26', 16500.00),
(71, 33, 3, 'Mechanical Keyboard', 2, 3200.00, '2025-12-12 05:38:26', 6400.00),
(72, 34, 7, '4K Monitor 27-inch', 2, 15000.00, '2025-12-12 05:38:26', 30000.00),
(73, 34, 7, '4K Monitor 27-inch', 2, 15000.00, '2025-12-12 05:38:26', 30000.00),
(74, 34, 1, 'Professional Camera Kit', 2, 45000.00, '2025-12-12 05:38:26', 90000.00),
(75, 35, 7, '4K Monitor 27-inch', 1, 15000.00, '2025-12-12 05:38:26', 15000.00),
(76, 35, 7, '4K Monitor 27-inch', 3, 15000.00, '2025-12-12 05:38:26', 45000.00),
(77, 35, 4, 'Wireless Noise-Canceling Headphones', 3, 7900.00, '2025-12-12 05:38:26', 23700.00),
(78, 36, 1, 'Professional Camera Kit', 1, 45000.00, '2025-12-12 05:38:26', 45000.00),
(79, 36, 8, 'Vintage Film Camera', 1, 5500.00, '2025-12-12 05:38:26', 5500.00),
(80, 36, 3, 'Mechanical Keyboard', 2, 3200.00, '2025-12-12 05:38:26', 6400.00),
(81, 37, 8, 'Vintage Film Camera', 2, 5500.00, '2025-12-12 05:38:26', 11000.00),
(82, 37, 5, 'Smart Watch Series 5', 3, 12000.00, '2025-12-12 05:38:26', 36000.00),
(83, 37, 2, 'Premium Office Chair', 2, 8500.00, '2025-12-12 05:38:26', 17000.00),
(84, 37, 8, 'Vintage Film Camera', 2, 5500.00, '2025-12-12 05:38:26', 11000.00),
(85, 38, 4, 'Wireless Noise-Canceling Headphones', 3, 7900.00, '2025-12-12 05:38:26', 23700.00),
(86, 38, 6, 'Designer Coffee Mug', 2, 350.00, '2025-12-12 05:38:26', 700.00),
(87, 38, 5, 'Smart Watch Series 5', 1, 12000.00, '2025-12-12 05:38:26', 12000.00),
(88, 39, 1, 'Professional Camera Kit', 3, 45000.00, '2025-12-12 05:40:15', 135000.00),
(89, 40, 8, 'Vintage Film Camera', 1, 5500.00, '2025-12-12 05:40:15', 5500.00),
(90, 40, 2, 'Premium Office Chair', 2, 8500.00, '2025-12-12 05:40:15', 17000.00),
(91, 41, 7, '4K Monitor 27-inch', 1, 15000.00, '2025-12-12 05:40:15', 15000.00),
(92, 41, 6, 'Designer Coffee Mug', 1, 350.00, '2025-12-12 05:40:15', 350.00),
(93, 42, 5, 'Smart Watch Series 5', 3, 12000.00, '2025-12-12 05:40:15', 36000.00),
(94, 42, 4, 'Wireless Noise-Canceling Headphones', 1, 7900.00, '2025-12-12 05:40:15', 7900.00),
(95, 42, 4, 'Wireless Noise-Canceling Headphones', 3, 7900.00, '2025-12-12 05:40:15', 23700.00),
(96, 42, 8, 'Vintage Film Camera', 2, 5500.00, '2025-12-12 05:40:15', 11000.00),
(97, 43, 1, 'Professional Camera Kit', 2, 45000.00, '2025-12-12 05:40:15', 90000.00),
(98, 43, 3, 'Mechanical Keyboard', 2, 3200.00, '2025-12-12 05:40:15', 6400.00),
(99, 43, 3, 'Mechanical Keyboard', 1, 3200.00, '2025-12-12 05:40:15', 3200.00),
(100, 44, 3, 'Mechanical Keyboard', 1, 3200.00, '2025-12-12 05:40:15', 3200.00),
(101, 44, 3, 'Mechanical Keyboard', 2, 3200.00, '2025-12-12 05:40:15', 6400.00),
(102, 44, 1, 'Professional Camera Kit', 2, 45000.00, '2025-12-12 05:40:15', 90000.00),
(103, 45, 4, 'Wireless Noise-Canceling Headphones', 1, 7900.00, '2025-12-12 05:40:15', 7900.00),
(104, 45, 3, 'Mechanical Keyboard', 3, 3200.00, '2025-12-12 05:40:15', 9600.00),
(105, 45, 4, 'Wireless Noise-Canceling Headphones', 2, 7900.00, '2025-12-12 05:40:15', 15800.00),
(106, 46, 1, 'Professional Camera Kit', 3, 45000.00, '2025-12-12 05:40:15', 135000.00),
(107, 47, 4, 'Wireless Noise-Canceling Headphones', 2, 7900.00, '2025-12-12 05:40:15', 15800.00),
(108, 47, 3, 'Mechanical Keyboard', 2, 3200.00, '2025-12-12 05:40:15', 6400.00),
(109, 47, 1, 'Professional Camera Kit', 1, 45000.00, '2025-12-12 05:40:15', 45000.00),
(110, 48, 5, 'Smart Watch Series 5', 1, 12000.00, '2025-12-12 05:40:15', 12000.00),
(111, 49, 3, 'Mechanical Keyboard', 3, 3200.00, '2025-12-12 05:40:15', 9600.00),
(112, 49, 2, 'Premium Office Chair', 1, 8500.00, '2025-12-12 05:40:15', 8500.00),
(113, 49, 4, 'Wireless Noise-Canceling Headphones', 2, 7900.00, '2025-12-12 05:40:15', 15800.00),
(114, 49, 5, 'Smart Watch Series 5', 3, 12000.00, '2025-12-12 05:40:15', 36000.00),
(115, 50, 1, 'Professional Camera Kit', 1, 45000.00, '2025-12-12 05:40:15', 45000.00),
(116, 50, 2, 'Premium Office Chair', 1, 8500.00, '2025-12-12 05:40:15', 8500.00),
(117, 50, 1, 'Professional Camera Kit', 2, 45000.00, '2025-12-12 05:40:15', 90000.00),
(118, 51, 8, 'Vintage Film Camera', 1, 5500.00, '2025-12-12 05:40:16', 5500.00),
(119, 51, 5, 'Smart Watch Series 5', 1, 12000.00, '2025-12-12 05:40:16', 12000.00),
(120, 51, 4, 'Wireless Noise-Canceling Headphones', 2, 7900.00, '2025-12-12 05:40:16', 15800.00),
(121, 51, 3, 'Mechanical Keyboard', 3, 3200.00, '2025-12-12 05:40:16', 9600.00),
(122, 52, 2, 'Premium Office Chair', 3, 8500.00, '2025-12-12 05:40:16', 25500.00),
(123, 52, 7, '4K Monitor 27-inch', 1, 15000.00, '2025-12-12 05:40:16', 15000.00),
(124, 53, 4, 'Wireless Noise-Canceling Headphones', 1, 7900.00, '2025-12-12 05:40:16', 7900.00),
(125, 53, 1, 'Professional Camera Kit', 1, 45000.00, '2025-12-12 05:40:16', 45000.00),
(126, 53, 7, '4K Monitor 27-inch', 1, 15000.00, '2025-12-12 05:40:16', 15000.00),
(127, 53, 3, 'Mechanical Keyboard', 2, 3200.00, '2025-12-12 05:40:16', 6400.00),
(128, 54, 2, 'Premium Office Chair', 3, 8500.00, '2025-12-12 05:40:16', 25500.00),
(129, 54, 1, 'Professional Camera Kit', 3, 45000.00, '2025-12-12 05:40:16', 135000.00),
(130, 55, 6, 'Designer Coffee Mug', 2, 350.00, '2025-12-12 05:40:16', 700.00),
(131, 56, 8, 'Vintage Film Camera', 2, 5500.00, '2025-12-12 05:40:16', 11000.00),
(132, 56, 1, 'Professional Camera Kit', 1, 45000.00, '2025-12-12 05:40:16', 45000.00),
(133, 56, 1, 'Professional Camera Kit', 1, 45000.00, '2025-12-12 05:40:16', 45000.00),
(134, 56, 1, 'Professional Camera Kit', 1, 45000.00, '2025-12-12 05:40:16', 45000.00),
(135, 57, 3, 'Mechanical Keyboard', 3, 3200.00, '2025-12-12 05:40:16', 9600.00),
(136, 57, 5, 'Smart Watch Series 5', 2, 12000.00, '2025-12-12 05:40:16', 24000.00),
(137, 57, 7, '4K Monitor 27-inch', 1, 15000.00, '2025-12-12 05:40:16', 15000.00),
(138, 58, 6, 'Designer Coffee Mug', 2, 350.00, '2025-12-12 05:40:16', 700.00),
(139, 58, 8, 'Vintage Film Camera', 3, 5500.00, '2025-12-12 05:40:16', 16500.00),
(140, 58, 4, 'Wireless Noise-Canceling Headphones', 3, 7900.00, '2025-12-12 05:40:16', 23700.00),
(141, 59, 6, 'Designer Coffee Mug', 2, 350.00, '2025-12-12 05:40:16', 700.00),
(142, 59, 5, 'Smart Watch Series 5', 2, 12000.00, '2025-12-12 05:40:16', 24000.00),
(143, 59, 4, 'Wireless Noise-Canceling Headphones', 1, 7900.00, '2025-12-12 05:40:16', 7900.00),
(144, 60, 4, 'Wireless Noise-Canceling Headphones', 3, 7900.00, '2025-12-12 05:40:16', 23700.00),
(145, 60, 6, 'Designer Coffee Mug', 3, 350.00, '2025-12-12 05:40:16', 1050.00),
(146, 60, 6, 'Designer Coffee Mug', 3, 350.00, '2025-12-12 05:40:16', 1050.00),
(147, 61, 7, '4K Monitor 27-inch', 1, 15000.00, '2025-12-12 05:40:16', 15000.00),
(148, 61, 6, 'Designer Coffee Mug', 3, 350.00, '2025-12-12 05:40:16', 1050.00),
(149, 61, 3, 'Mechanical Keyboard', 3, 3200.00, '2025-12-12 05:40:16', 9600.00),
(150, 62, 5, 'Smart Watch Series 5', 1, 12000.00, '2025-12-12 05:40:16', 12000.00),
(151, 63, 2, 'Premium Office Chair', 2, 8500.00, '2025-12-12 05:40:16', 17000.00),
(152, 63, 3, 'Mechanical Keyboard', 1, 3200.00, '2025-12-12 05:40:16', 3200.00),
(153, 63, 2, 'Premium Office Chair', 1, 8500.00, '2025-12-12 05:40:16', 8500.00),
(154, 64, 4, 'Wireless Noise-Canceling Headphones', 2, 7900.00, '2025-12-12 05:40:16', 15800.00),
(155, 64, 2, 'Premium Office Chair', 1, 8500.00, '2025-12-12 05:40:16', 8500.00),
(156, 64, 4, 'Wireless Noise-Canceling Headphones', 1, 7900.00, '2025-12-12 05:40:16', 7900.00),
(157, 65, 7, '4K Monitor 27-inch', 3, 15000.00, '2025-12-12 05:40:16', 45000.00),
(158, 65, 2, 'Premium Office Chair', 1, 8500.00, '2025-12-12 05:40:16', 8500.00),
(159, 65, 1, 'Professional Camera Kit', 2, 45000.00, '2025-12-12 05:40:16', 90000.00),
(160, 65, 3, 'Mechanical Keyboard', 3, 3200.00, '2025-12-12 05:40:16', 9600.00),
(161, 66, 8, 'Vintage Film Camera', 2, 5500.00, '2025-12-12 05:40:16', 11000.00),
(162, 66, 7, '4K Monitor 27-inch', 3, 15000.00, '2025-12-12 05:40:16', 45000.00),
(163, 66, 2, 'Premium Office Chair', 2, 8500.00, '2025-12-12 05:40:16', 17000.00),
(164, 67, 8, 'Vintage Film Camera', 3, 5500.00, '2025-12-12 05:40:16', 16500.00),
(165, 67, 3, 'Mechanical Keyboard', 2, 3200.00, '2025-12-12 05:40:16', 6400.00),
(166, 67, 7, '4K Monitor 27-inch', 2, 15000.00, '2025-12-12 05:40:16', 30000.00),
(167, 68, 5, 'Smart Watch Series 5', 2, 12000.00, '2025-12-12 05:40:16', 24000.00),
(168, 68, 7, '4K Monitor 27-inch', 1, 15000.00, '2025-12-12 05:40:16', 15000.00),
(169, 68, 1, 'Professional Camera Kit', 3, 45000.00, '2025-12-12 05:40:16', 135000.00),
(170, 69, 5, 'Smart Watch Series 5', 1, 12000.00, '2025-12-12 05:46:38', 12000.00),
(171, 69, 23, 'Ultra Mouse 2024', 1, 4428.00, '2025-12-12 05:46:38', 4428.00),
(172, 69, 8, 'Vintage Film Camera', 3, 5500.00, '2025-12-12 05:46:38', 16500.00),
(173, 69, 49, 'Analog Watch 2024', 3, 24843.00, '2025-12-12 05:46:38', 74529.00),
(174, 70, 29, 'Premium Speaker 2024', 1, 26597.00, '2025-12-12 05:46:38', 26597.00),
(175, 71, 20, 'Ultra Speaker 2024', 2, 30824.00, '2025-12-12 05:46:38', 61648.00),
(176, 71, 25, 'Digital Laptop 2023', 1, 40933.00, '2025-12-12 05:46:38', 40933.00),
(177, 72, 46, 'Premium Mouse 2023', 1, 32050.00, '2025-12-12 05:46:38', 32050.00),
(178, 73, 32, 'Premium Tablet 2023', 2, 22852.00, '2025-12-12 05:46:38', 45704.00),
(179, 73, 13, 'Premium Camera 2024', 3, 41509.00, '2025-12-12 05:46:38', 124527.00),
(180, 73, 15, 'Pro Headphones 2023', 2, 6225.00, '2025-12-12 05:46:38', 12450.00),
(181, 74, 34, 'Digital Phone 2024', 2, 25288.00, '2025-12-12 05:46:38', 50576.00),
(182, 75, 10, 'Wireless Laptop 2025', 4, 478.00, '2025-12-12 05:46:38', 1912.00),
(183, 75, 15, 'Pro Headphones 2023', 3, 6225.00, '2025-12-12 05:46:38', 18675.00),
(184, 76, 34, 'Digital Phone 2024', 2, 25288.00, '2025-12-12 05:46:38', 50576.00),
(185, 76, 9, 'Eco Speaker 2025', 2, 9505.00, '2025-12-12 05:46:38', 19010.00),
(186, 76, 13, 'Premium Camera 2024', 1, 41509.00, '2025-12-12 05:46:38', 41509.00),
(187, 76, 29, 'Premium Speaker 2024', 1, 26597.00, '2025-12-12 05:46:38', 26597.00),
(188, 77, 2, 'Premium Office Chair', 4, 8500.00, '2025-12-12 05:46:38', 34000.00),
(189, 77, 10, 'Wireless Laptop 2025', 2, 478.00, '2025-12-12 05:46:38', 956.00),
(190, 77, 44, 'Basic Laptop 2024', 3, 43384.00, '2025-12-12 05:46:38', 130152.00),
(191, 77, 49, 'Analog Watch 2024', 1, 24843.00, '2025-12-12 05:46:38', 24843.00),
(192, 77, 35, 'Pro Mouse 2025', 2, 49321.00, '2025-12-12 05:46:38', 98642.00),
(193, 78, 3, 'Mechanical Keyboard', 3, 3200.00, '2025-12-12 05:46:38', 9600.00),
(194, 78, 9, 'Eco Speaker 2025', 2, 9505.00, '2025-12-12 05:46:38', 19010.00),
(195, 78, 22, 'Analog Camera 2023', 1, 28569.00, '2025-12-12 05:46:38', 28569.00),
(196, 78, 37, 'Basic Speaker 2024', 3, 40570.00, '2025-12-12 05:46:38', 121710.00),
(197, 79, 1, 'Professional Camera Kit', 3, 45000.00, '2025-12-12 05:46:38', 135000.00),
(198, 79, 3, 'Mechanical Keyboard', 4, 3200.00, '2025-12-12 05:46:38', 12800.00),
(199, 79, 14, 'Premium Camera 2024', 4, 1451.00, '2025-12-12 05:46:38', 5804.00),
(200, 79, 6, 'Designer Coffee Mug', 4, 350.00, '2025-12-12 05:46:38', 1400.00),
(201, 79, 8, 'Vintage Film Camera', 3, 5500.00, '2025-12-12 05:46:38', 16500.00),
(202, 80, 35, 'Pro Mouse 2025', 2, 49321.00, '2025-12-12 05:46:38', 98642.00),
(203, 81, 7, '4K Monitor 27-inch', 3, 15000.00, '2025-12-12 05:46:38', 45000.00),
(204, 81, 6, 'Designer Coffee Mug', 2, 350.00, '2025-12-12 05:46:38', 700.00),
(205, 81, 21, 'Pro Tablet 2025', 4, 29293.00, '2025-12-12 05:46:38', 117172.00),
(206, 82, 26, 'Digital Watch 2025', 1, 28578.00, '2025-12-12 05:46:38', 28578.00),
(207, 82, 32, 'Premium Tablet 2023', 3, 22852.00, '2025-12-12 05:46:38', 68556.00),
(208, 82, 26, 'Digital Watch 2025', 3, 28578.00, '2025-12-12 05:46:38', 85734.00),
(209, 82, 17, 'Basic Keyboard 2023', 3, 45643.00, '2025-12-12 05:46:38', 136929.00),
(210, 82, 22, 'Analog Camera 2023', 2, 28569.00, '2025-12-12 05:46:38', 57138.00),
(211, 83, 18, 'Basic Tablet 2025', 1, 42188.00, '2025-12-12 05:46:38', 42188.00),
(212, 83, 14, 'Premium Camera 2024', 2, 1451.00, '2025-12-12 05:46:38', 2902.00),
(213, 83, 14, 'Premium Camera 2024', 3, 1451.00, '2025-12-12 05:46:38', 4353.00),
(214, 84, 7, '4K Monitor 27-inch', 2, 15000.00, '2025-12-12 05:46:38', 30000.00),
(215, 85, 27, 'Premium Laptop 2025', 2, 24004.00, '2025-12-12 05:46:38', 48008.00),
(216, 86, 5, 'Smart Watch Series 5', 1, 12000.00, '2025-12-12 05:46:38', 12000.00),
(217, 86, 2, 'Premium Office Chair', 4, 8500.00, '2025-12-12 05:46:38', 34000.00),
(218, 86, 2, 'Premium Office Chair', 3, 8500.00, '2025-12-12 05:46:38', 25500.00),
(219, 86, 43, 'Basic Phone 2024', 4, 30516.00, '2025-12-12 05:46:38', 122064.00),
(220, 87, 14, 'Premium Camera 2024', 3, 1451.00, '2025-12-12 05:46:38', 4353.00),
(221, 87, 46, 'Premium Mouse 2023', 2, 32050.00, '2025-12-12 05:46:38', 64100.00),
(222, 88, 28, 'Digital Phone 2024', 4, 42075.00, '2025-12-12 05:46:38', 168300.00),
(223, 88, 43, 'Basic Phone 2024', 2, 30516.00, '2025-12-12 05:46:38', 61032.00),
(224, 88, 24, 'Basic Mouse 2023', 4, 23334.00, '2025-12-12 05:46:38', 93336.00),
(225, 89, 26, 'Digital Watch 2025', 4, 28578.00, '2025-12-12 05:46:38', 114312.00),
(226, 89, 5, 'Smart Watch Series 5', 1, 12000.00, '2025-12-12 05:46:38', 12000.00),
(227, 89, 39, 'Smart Headphones 2024', 3, 45500.00, '2025-12-12 05:46:38', 136500.00),
(228, 90, 40, 'Wireless Headphones 2023', 2, 31658.00, '2025-12-12 05:46:38', 63316.00),
(229, 90, 49, 'Analog Watch 2024', 1, 24843.00, '2025-12-12 05:46:38', 24843.00),
(230, 90, 29, 'Premium Speaker 2024', 3, 26597.00, '2025-12-12 05:46:38', 79791.00),
(231, 90, 13, 'Premium Camera 2024', 4, 41509.00, '2025-12-12 05:46:38', 166036.00),
(232, 91, 11, 'Premium Headphones 2023', 1, 34567.00, '2025-12-12 05:46:38', 34567.00),
(233, 91, 12, 'Premium Laptop 2025', 4, 33901.00, '2025-12-12 05:46:38', 135604.00),
(234, 91, 13, 'Premium Camera 2024', 2, 41509.00, '2025-12-12 05:46:38', 83018.00),
(235, 91, 24, 'Basic Mouse 2023', 2, 23334.00, '2025-12-12 05:46:38', 46668.00),
(236, 91, 10, 'Wireless Laptop 2025', 2, 478.00, '2025-12-12 05:46:38', 956.00),
(237, 92, 29, 'Premium Speaker 2024', 3, 26597.00, '2025-12-12 05:46:38', 79791.00),
(238, 92, 21, 'Pro Tablet 2025', 3, 29293.00, '2025-12-12 05:46:38', 87879.00),
(239, 92, 47, 'Eco Phone 2025', 1, 1532.00, '2025-12-12 05:46:38', 1532.00),
(240, 92, 8, 'Vintage Film Camera', 1, 5500.00, '2025-12-12 05:46:38', 5500.00),
(241, 92, 37, 'Basic Speaker 2024', 4, 40570.00, '2025-12-12 05:46:38', 162280.00),
(242, 93, 23, 'Ultra Mouse 2024', 3, 4428.00, '2025-12-12 05:46:38', 13284.00),
(243, 94, 44, 'Basic Laptop 2024', 4, 43384.00, '2025-12-12 05:46:38', 173536.00),
(244, 94, 45, 'Luxury Keyboard 2024', 2, 32303.00, '2025-12-12 05:46:38', 64606.00),
(245, 94, 42, 'Digital Tablet 2024', 4, 7771.00, '2025-12-12 05:46:38', 31084.00),
(246, 95, 42, 'Digital Tablet 2024', 1, 7771.00, '2025-12-12 05:46:38', 7771.00),
(247, 95, 18, 'Basic Tablet 2025', 3, 42188.00, '2025-12-12 05:46:38', 126564.00),
(248, 95, 47, 'Eco Phone 2025', 2, 1532.00, '2025-12-12 05:46:38', 3064.00),
(249, 95, 1, 'Professional Camera Kit', 1, 45000.00, '2025-12-12 05:46:38', 45000.00),
(250, 95, 37, 'Basic Speaker 2024', 1, 40570.00, '2025-12-12 05:46:38', 40570.00),
(251, 96, 26, 'Digital Watch 2025', 3, 28578.00, '2025-12-12 05:46:38', 85734.00),
(252, 96, 39, 'Smart Headphones 2024', 1, 45500.00, '2025-12-12 05:46:38', 45500.00),
(253, 96, 3, 'Mechanical Keyboard', 4, 3200.00, '2025-12-12 05:46:38', 12800.00),
(254, 96, 3, 'Mechanical Keyboard', 1, 3200.00, '2025-12-12 05:46:38', 3200.00),
(255, 97, 25, 'Digital Laptop 2023', 1, 40933.00, '2025-12-12 05:46:38', 40933.00),
(256, 98, 29, 'Premium Speaker 2024', 3, 26597.00, '2025-12-12 05:46:38', 79791.00),
(257, 98, 30, 'Basic Headphones 2024', 2, 42823.00, '2025-12-12 05:46:38', 85646.00),
(258, 98, 8, 'Vintage Film Camera', 3, 5500.00, '2025-12-12 05:46:38', 16500.00),
(259, 98, 14, 'Premium Camera 2024', 4, 1451.00, '2025-12-12 05:46:38', 5804.00),
(260, 99, 48, 'Luxury Watch 2024', 4, 14548.00, '2025-12-12 05:46:38', 58192.00),
(261, 99, 48, 'Luxury Watch 2024', 4, 14548.00, '2025-12-12 05:46:38', 58192.00),
(262, 99, 20, 'Ultra Speaker 2024', 3, 30824.00, '2025-12-12 05:46:38', 92472.00),
(263, 100, 16, 'Basic Headphones 2023', 3, 40592.00, '2025-12-12 05:46:38', 121776.00),
(264, 100, 3, 'Mechanical Keyboard', 1, 3200.00, '2025-12-12 05:46:38', 3200.00),
(265, 100, 35, 'Pro Mouse 2025', 4, 49321.00, '2025-12-12 05:46:38', 197284.00),
(266, 100, 21, 'Pro Tablet 2025', 4, 29293.00, '2025-12-12 05:46:38', 117172.00),
(267, 100, 4, 'Wireless Noise-Canceling Headphones', 1, 7900.00, '2025-12-12 05:46:38', 7900.00),
(268, 101, 27, 'Premium Laptop 2025', 1, 24004.00, '2025-12-12 05:46:38', 24004.00),
(269, 101, 28, 'Digital Phone 2024', 2, 42075.00, '2025-12-12 05:46:38', 84150.00),
(270, 101, 50, 'Smart Speaker 2025', 2, 33591.00, '2025-12-12 05:46:38', 67182.00),
(271, 101, 9, 'Eco Speaker 2025', 3, 9505.00, '2025-12-12 05:46:38', 28515.00),
(272, 102, 49, 'Analog Watch 2024', 2, 24843.00, '2025-12-12 05:46:38', 49686.00),
(273, 102, 7, '4K Monitor 27-inch', 2, 15000.00, '2025-12-12 05:46:38', 30000.00),
(274, 102, 33, 'Smart Headphones 2025', 3, 44372.00, '2025-12-12 05:46:38', 133116.00),
(275, 103, 37, 'Basic Speaker 2024', 1, 40570.00, '2025-12-12 05:46:38', 40570.00),
(276, 104, 22, 'Analog Camera 2023', 1, 28569.00, '2025-12-12 05:46:38', 28569.00),
(277, 104, 12, 'Premium Laptop 2025', 2, 33901.00, '2025-12-12 05:46:38', 67802.00),
(278, 104, 3, 'Mechanical Keyboard', 2, 3200.00, '2025-12-12 05:46:38', 6400.00),
(279, 104, 14, 'Premium Camera 2024', 1, 1451.00, '2025-12-12 05:46:38', 1451.00),
(280, 105, 43, 'Basic Phone 2024', 1, 30516.00, '2025-12-12 05:46:38', 30516.00),
(281, 105, 38, 'Premium Tablet 2024', 3, 29825.00, '2025-12-12 05:46:38', 89475.00),
(282, 105, 21, 'Pro Tablet 2025', 1, 29293.00, '2025-12-12 05:46:38', 29293.00),
(283, 106, 45, 'Luxury Keyboard 2024', 4, 32303.00, '2025-12-12 05:46:38', 129212.00),
(284, 106, 38, 'Premium Tablet 2024', 2, 29825.00, '2025-12-12 05:46:38', 59650.00),
(285, 106, 30, 'Basic Headphones 2024', 3, 42823.00, '2025-12-12 05:46:38', 128469.00),
(286, 106, 19, 'Digital Mouse 2024', 3, 36910.00, '2025-12-12 05:46:38', 110730.00),
(287, 106, 25, 'Digital Laptop 2023', 1, 40933.00, '2025-12-12 05:46:38', 40933.00),
(288, 107, 13, 'Premium Camera 2024', 4, 41509.00, '2025-12-12 05:46:38', 166036.00),
(289, 108, 27, 'Premium Laptop 2025', 2, 24004.00, '2025-12-12 05:46:38', 48008.00),
(290, 109, 6, 'Designer Coffee Mug', 3, 350.00, '2025-12-12 05:46:38', 1050.00),
(291, 109, 2, 'Premium Office Chair', 1, 8500.00, '2025-12-12 05:46:38', 8500.00),
(292, 109, 12, 'Premium Laptop 2025', 1, 33901.00, '2025-12-12 05:46:38', 33901.00),
(293, 110, 39, 'Smart Headphones 2024', 4, 45500.00, '2025-12-12 05:46:38', 182000.00),
(294, 110, 3, 'Mechanical Keyboard', 1, 3200.00, '2025-12-12 05:46:38', 3200.00),
(295, 110, 42, 'Digital Tablet 2024', 4, 7771.00, '2025-12-12 05:46:38', 31084.00),
(296, 110, 29, 'Premium Speaker 2024', 2, 26597.00, '2025-12-12 05:46:38', 53194.00),
(297, 111, 39, 'Smart Headphones 2024', 1, 45500.00, '2025-12-12 05:46:38', 45500.00),
(298, 111, 25, 'Digital Laptop 2023', 1, 40933.00, '2025-12-12 05:46:38', 40933.00),
(299, 112, 42, 'Digital Tablet 2024', 4, 7771.00, '2025-12-12 05:46:38', 31084.00),
(300, 112, 30, 'Basic Headphones 2024', 1, 42823.00, '2025-12-12 05:46:38', 42823.00),
(301, 113, 10, 'Wireless Laptop 2025', 2, 478.00, '2025-12-12 05:46:38', 956.00),
(302, 114, 16, 'Basic Headphones 2023', 4, 40592.00, '2025-12-12 05:46:38', 162368.00),
(303, 114, 14, 'Premium Camera 2024', 2, 1451.00, '2025-12-12 05:46:38', 2902.00),
(304, 115, 47, 'Eco Phone 2025', 4, 1532.00, '2025-12-12 05:46:38', 6128.00),
(305, 116, 30, 'Basic Headphones 2024', 2, 42823.00, '2025-12-12 05:46:38', 85646.00),
(306, 116, 45, 'Luxury Keyboard 2024', 3, 32303.00, '2025-12-12 05:46:38', 96909.00),
(307, 116, 33, 'Smart Headphones 2025', 4, 44372.00, '2025-12-12 05:46:38', 177488.00),
(308, 116, 31, 'Ultra Monitor 2024', 1, 21910.00, '2025-12-12 05:46:38', 21910.00),
(309, 116, 11, 'Premium Headphones 2023', 3, 34567.00, '2025-12-12 05:46:38', 103701.00),
(310, 117, 10, 'Wireless Laptop 2025', 4, 478.00, '2025-12-12 05:46:38', 1912.00),
(311, 117, 39, 'Smart Headphones 2024', 4, 45500.00, '2025-12-12 05:46:38', 182000.00),
(312, 117, 24, 'Basic Mouse 2023', 2, 23334.00, '2025-12-12 05:46:38', 46668.00),
(313, 118, 16, 'Basic Headphones 2023', 3, 40592.00, '2025-12-12 05:46:38', 121776.00),
(314, 118, 48, 'Luxury Watch 2024', 3, 14548.00, '2025-12-12 05:46:38', 43644.00),
(315, 118, 30, 'Basic Headphones 2024', 4, 42823.00, '2025-12-12 05:46:38', 171292.00),
(316, 118, 3, 'Mechanical Keyboard', 1, 3200.00, '2025-12-12 05:46:38', 3200.00),
(317, 118, 20, 'Ultra Speaker 2024', 1, 30824.00, '2025-12-12 05:46:38', 30824.00),
(318, 119, 3, 'Mechanical Keyboard', 2, 3200.00, '2025-12-12 05:50:41', 6400.00),
(319, 119, 22, 'Analog Camera 2023', 1, 28569.00, '2025-12-12 05:50:41', 28569.00),
(320, 119, 19, 'Digital Mouse 2024', 1, 36910.00, '2025-12-12 05:50:41', 36910.00),
(321, 119, 27, 'Premium Laptop 2025', 1, 24004.00, '2025-12-12 05:50:41', 24004.00),
(322, 119, 1, 'Professional Camera Kit', 3, 45000.00, '2025-12-12 05:50:41', 135000.00),
(323, 119, 18, 'Basic Tablet 2025', 3, 42188.00, '2025-12-12 05:50:41', 126564.00),
(324, 120, 46, 'Premium Mouse 2023', 2, 32050.00, '2025-12-12 05:50:41', 64100.00),
(325, 121, 10, 'Wireless Laptop 2025', 3, 478.00, '2025-12-12 05:50:41', 1434.00),
(326, 122, 13, 'Premium Camera 2024', 1, 41509.00, '2025-12-12 05:50:41', 41509.00),
(327, 122, 23, 'Ultra Mouse 2024', 3, 4428.00, '2025-12-12 05:50:41', 13284.00),
(328, 122, 48, 'Luxury Watch 2024', 3, 14548.00, '2025-12-12 05:50:41', 43644.00),
(329, 122, 41, 'Pro Headphones 2023', 1, 27587.00, '2025-12-12 05:50:41', 27587.00),
(330, 122, 7, '4K Monitor 27-inch', 2, 15000.00, '2025-12-12 05:50:41', 30000.00),
(331, 123, 21, 'Pro Tablet 2025', 3, 29293.00, '2025-12-12 05:50:41', 87879.00),
(332, 123, 32, 'Premium Tablet 2023', 2, 22852.00, '2025-12-12 05:50:41', 45704.00),
(333, 123, 6, 'Designer Coffee Mug', 3, 350.00, '2025-12-12 05:50:41', 1050.00),
(334, 124, 1, 'Professional Camera Kit', 2, 45000.00, '2025-12-12 05:50:41', 90000.00),
(335, 124, 21, 'Pro Tablet 2025', 2, 29293.00, '2025-12-12 05:50:41', 58586.00),
(336, 124, 41, 'Pro Headphones 2023', 3, 27587.00, '2025-12-12 05:50:41', 82761.00),
(337, 124, 20, 'Ultra Speaker 2024', 2, 30824.00, '2025-12-12 05:50:41', 61648.00),
(338, 124, 43, 'Basic Phone 2024', 1, 30516.00, '2025-12-12 05:50:41', 30516.00),
(339, 124, 5, 'Smart Watch Series 5', 2, 12000.00, '2025-12-12 05:50:41', 24000.00),
(340, 125, 18, 'Basic Tablet 2025', 2, 42188.00, '2025-12-12 05:50:41', 84376.00),
(341, 125, 39, 'Smart Headphones 2024', 3, 45500.00, '2025-12-12 05:50:41', 136500.00),
(342, 125, 39, 'Smart Headphones 2024', 3, 45500.00, '2025-12-12 05:50:41', 136500.00),
(343, 125, 2, 'Premium Office Chair', 1, 8500.00, '2025-12-12 05:50:41', 8500.00),
(344, 125, 27, 'Premium Laptop 2025', 2, 24004.00, '2025-12-12 05:50:41', 48008.00),
(345, 125, 30, 'Basic Headphones 2024', 1, 42823.00, '2025-12-12 05:50:41', 42823.00),
(346, 126, 26, 'Digital Watch 2025', 2, 28578.00, '2025-12-12 05:50:41', 57156.00),
(347, 126, 43, 'Basic Phone 2024', 2, 30516.00, '2025-12-12 05:50:41', 61032.00),
(348, 126, 5, 'Smart Watch Series 5', 2, 12000.00, '2025-12-12 05:50:41', 24000.00),
(349, 126, 20, 'Ultra Speaker 2024', 2, 30824.00, '2025-12-12 05:50:41', 61648.00),
(350, 126, 34, 'Digital Phone 2024', 3, 25288.00, '2025-12-12 05:50:41', 75864.00),
(351, 126, 6, 'Designer Coffee Mug', 2, 350.00, '2025-12-12 05:50:41', 700.00),
(352, 127, 4, 'Wireless Noise-Canceling Headphones', 2, 7900.00, '2025-12-12 05:50:41', 15800.00),
(353, 127, 19, 'Digital Mouse 2024', 3, 36910.00, '2025-12-12 05:50:41', 110730.00),
(354, 127, 41, 'Pro Headphones 2023', 1, 27587.00, '2025-12-12 05:50:41', 27587.00),
(355, 127, 16, 'Basic Headphones 2023', 1, 40592.00, '2025-12-12 05:50:41', 40592.00),
(356, 127, 17, 'Basic Keyboard 2023', 3, 45643.00, '2025-12-12 05:50:41', 136929.00),
(357, 127, 23, 'Ultra Mouse 2024', 1, 4428.00, '2025-12-12 05:50:41', 4428.00),
(358, 128, 7, '4K Monitor 27-inch', 1, 15000.00, '2025-12-12 05:50:41', 15000.00),
(359, 128, 34, 'Digital Phone 2024', 2, 25288.00, '2025-12-12 05:50:41', 50576.00),
(360, 129, 37, 'Basic Speaker 2024', 3, 40570.00, '2025-12-12 05:50:41', 121710.00),
(361, 129, 32, 'Premium Tablet 2023', 3, 22852.00, '2025-12-12 05:50:41', 68556.00),
(362, 129, 1, 'Professional Camera Kit', 3, 45000.00, '2025-12-12 05:50:41', 135000.00),
(363, 129, 31, 'Ultra Monitor 2024', 2, 21910.00, '2025-12-12 05:50:41', 43820.00),
(364, 129, 15, 'Pro Headphones 2023', 2, 6225.00, '2025-12-12 05:50:41', 12450.00),
(365, 130, 33, 'Smart Headphones 2025', 2, 44372.00, '2025-12-12 05:50:41', 88744.00),
(366, 130, 50, 'Smart Speaker 2025', 2, 33591.00, '2025-12-12 05:50:41', 67182.00),
(367, 130, 30, 'Basic Headphones 2024', 1, 42823.00, '2025-12-12 05:50:41', 42823.00),
(368, 130, 16, 'Basic Headphones 2023', 2, 40592.00, '2025-12-12 05:50:41', 81184.00),
(369, 130, 47, 'Eco Phone 2025', 2, 1532.00, '2025-12-12 05:50:41', 3064.00),
(370, 130, 18, 'Basic Tablet 2025', 3, 42188.00, '2025-12-12 05:50:41', 126564.00),
(371, 131, 18, 'Basic Tablet 2025', 2, 42188.00, '2025-12-12 05:50:41', 84376.00),
(372, 131, 12, 'Premium Laptop 2025', 1, 33901.00, '2025-12-12 05:50:41', 33901.00),
(373, 132, 19, 'Digital Mouse 2024', 1, 36910.00, '2025-12-12 05:50:41', 36910.00),
(374, 133, 24, 'Basic Mouse 2023', 2, 23334.00, '2025-12-12 05:50:41', 46668.00),
(375, 134, 37, 'Basic Speaker 2024', 1, 40570.00, '2025-12-12 05:50:41', 40570.00),
(376, 134, 12, 'Premium Laptop 2025', 3, 33901.00, '2025-12-12 05:50:41', 101703.00),
(377, 134, 1, 'Professional Camera Kit', 3, 45000.00, '2025-12-12 05:50:41', 135000.00),
(378, 135, 13, 'Premium Camera 2024', 2, 41509.00, '2025-12-12 05:50:41', 83018.00),
(379, 135, 36, 'Ultra Watch 2024', 2, 20142.00, '2025-12-12 05:50:41', 40284.00),
(380, 135, 7, '4K Monitor 27-inch', 1, 15000.00, '2025-12-12 05:50:41', 15000.00),
(381, 135, 9, 'Eco Speaker 2025', 3, 9505.00, '2025-12-12 05:50:41', 28515.00),
(382, 135, 34, 'Digital Phone 2024', 3, 25288.00, '2025-12-12 05:50:41', 75864.00),
(383, 136, 30, 'Basic Headphones 2024', 1, 42823.00, '2025-12-12 05:50:41', 42823.00),
(384, 136, 8, 'Vintage Film Camera', 3, 5500.00, '2025-12-12 05:50:41', 16500.00),
(385, 136, 35, 'Pro Mouse 2025', 2, 49321.00, '2025-12-12 05:50:41', 98642.00),
(386, 136, 7, '4K Monitor 27-inch', 3, 15000.00, '2025-12-12 05:50:41', 45000.00),
(387, 136, 29, 'Premium Speaker 2024', 3, 26597.00, '2025-12-12 05:50:41', 79791.00),
(388, 137, 38, 'Premium Tablet 2024', 1, 29825.00, '2025-12-12 05:50:41', 29825.00),
(389, 137, 47, 'Eco Phone 2025', 2, 1532.00, '2025-12-12 05:50:41', 3064.00),
(390, 137, 5, 'Smart Watch Series 5', 1, 12000.00, '2025-12-12 05:50:41', 12000.00),
(391, 137, 1, 'Professional Camera Kit', 1, 45000.00, '2025-12-12 05:50:41', 45000.00),
(392, 137, 34, 'Digital Phone 2024', 3, 25288.00, '2025-12-12 05:50:41', 75864.00),
(393, 138, 28, 'Digital Phone 2024', 2, 42075.00, '2025-12-12 05:50:41', 84150.00),
(394, 138, 33, 'Smart Headphones 2025', 2, 44372.00, '2025-12-12 05:50:41', 88744.00),
(395, 139, 47, 'Eco Phone 2025', 2, 1532.00, '2025-12-12 05:50:41', 3064.00),
(396, 139, 25, 'Digital Laptop 2023', 3, 40933.00, '2025-12-12 05:50:41', 122799.00),
(397, 139, 4, 'Wireless Noise-Canceling Headphones', 1, 7900.00, '2025-12-12 05:50:41', 7900.00),
(398, 139, 12, 'Premium Laptop 2025', 1, 33901.00, '2025-12-12 05:50:41', 33901.00),
(399, 139, 25, 'Digital Laptop 2023', 2, 40933.00, '2025-12-12 05:50:41', 81866.00),
(400, 139, 23, 'Ultra Mouse 2024', 1, 4428.00, '2025-12-12 05:50:41', 4428.00),
(401, 140, 11, 'Premium Headphones 2023', 3, 34567.00, '2025-12-12 05:50:41', 103701.00),
(402, 140, 46, 'Premium Mouse 2023', 1, 32050.00, '2025-12-12 05:50:41', 32050.00),
(403, 141, 49, 'Analog Watch 2024', 1, 24843.00, '2025-12-12 05:50:41', 24843.00),
(404, 142, 22, 'Analog Camera 2023', 2, 28569.00, '2025-12-12 05:50:41', 57138.00),
(405, 143, 24, 'Basic Mouse 2023', 2, 23334.00, '2025-12-12 05:50:41', 46668.00),
(406, 143, 24, 'Basic Mouse 2023', 1, 23334.00, '2025-12-12 05:50:41', 23334.00),
(407, 144, 46, 'Premium Mouse 2023', 1, 32050.00, '2025-12-12 05:50:41', 32050.00),
(408, 144, 17, 'Basic Keyboard 2023', 1, 45643.00, '2025-12-12 05:50:41', 45643.00),
(409, 145, 28, 'Digital Phone 2024', 1, 42075.00, '2025-12-12 05:50:41', 42075.00),
(410, 145, 21, 'Pro Tablet 2025', 1, 29293.00, '2025-12-12 05:50:41', 29293.00),
(411, 145, 42, 'Digital Tablet 2024', 3, 7771.00, '2025-12-12 05:50:41', 23313.00),
(412, 146, 31, 'Ultra Monitor 2024', 3, 21910.00, '2025-12-12 05:50:41', 65730.00),
(413, 147, 26, 'Digital Watch 2025', 2, 28578.00, '2025-12-12 05:50:41', 57156.00),
(414, 147, 9, 'Eco Speaker 2025', 3, 9505.00, '2025-12-12 05:50:41', 28515.00),
(415, 147, 14, 'Premium Camera 2024', 3, 1451.00, '2025-12-12 05:50:41', 4353.00),
(416, 148, 42, 'Digital Tablet 2024', 1, 7771.00, '2025-12-12 05:50:41', 7771.00),
(417, 148, 37, 'Basic Speaker 2024', 1, 40570.00, '2025-12-12 05:50:41', 40570.00),
(418, 148, 2, 'Premium Office Chair', 3, 8500.00, '2025-12-12 05:50:41', 25500.00),
(419, 148, 29, 'Premium Speaker 2024', 1, 26597.00, '2025-12-12 05:50:41', 26597.00),
(420, 149, 2, 'Premium Office Chair', 1, 8500.00, '2025-12-12 05:50:41', 8500.00),
(421, 149, 29, 'Premium Speaker 2024', 3, 26597.00, '2025-12-12 05:50:41', 79791.00),
(422, 149, 5, 'Smart Watch Series 5', 2, 12000.00, '2025-12-12 05:50:41', 24000.00),
(423, 150, 3, 'Mechanical Keyboard', 2, 3200.00, '2025-12-12 05:50:41', 6400.00),
(424, 150, 13, 'Premium Camera 2024', 1, 41509.00, '2025-12-12 05:50:41', 41509.00),
(425, 150, 43, 'Basic Phone 2024', 2, 30516.00, '2025-12-12 05:50:41', 61032.00),
(426, 150, 35, 'Pro Mouse 2025', 3, 49321.00, '2025-12-12 05:50:41', 147963.00),
(427, 150, 36, 'Ultra Watch 2024', 1, 20142.00, '2025-12-12 05:50:41', 20142.00),
(428, 151, 38, 'Premium Tablet 2024', 1, 29825.00, '2025-12-12 05:50:41', 29825.00),
(429, 151, 25, 'Digital Laptop 2023', 3, 40933.00, '2025-12-12 05:50:41', 122799.00),
(430, 151, 24, 'Basic Mouse 2023', 1, 23334.00, '2025-12-12 05:50:41', 23334.00),
(431, 151, 17, 'Basic Keyboard 2023', 3, 45643.00, '2025-12-12 05:50:41', 136929.00),
(432, 151, 48, 'Luxury Watch 2024', 1, 14548.00, '2025-12-12 05:50:41', 14548.00),
(433, 151, 38, 'Premium Tablet 2024', 2, 29825.00, '2025-12-12 05:50:41', 59650.00),
(434, 152, 23, 'Ultra Mouse 2024', 2, 4428.00, '2025-12-12 05:50:41', 8856.00),
(435, 152, 46, 'Premium Mouse 2023', 1, 32050.00, '2025-12-12 05:50:41', 32050.00),
(436, 152, 21, 'Pro Tablet 2025', 3, 29293.00, '2025-12-12 05:50:41', 87879.00),
(437, 152, 6, 'Designer Coffee Mug', 1, 350.00, '2025-12-12 05:50:41', 350.00),
(438, 153, 29, 'Premium Speaker 2024', 2, 26597.00, '2025-12-12 05:50:41', 53194.00),
(439, 153, 18, 'Basic Tablet 2025', 3, 42188.00, '2025-12-12 05:50:41', 126564.00),
(440, 153, 27, 'Premium Laptop 2025', 2, 24004.00, '2025-12-12 05:50:41', 48008.00),
(441, 153, 1, 'Professional Camera Kit', 1, 45000.00, '2025-12-12 05:50:41', 45000.00),
(442, 154, 35, 'Pro Mouse 2025', 1, 49321.00, '2025-12-12 05:50:41', 49321.00),
(443, 154, 36, 'Ultra Watch 2024', 3, 20142.00, '2025-12-12 05:50:41', 60426.00),
(444, 154, 24, 'Basic Mouse 2023', 1, 23334.00, '2025-12-12 05:50:41', 23334.00),
(445, 154, 41, 'Pro Headphones 2023', 2, 27587.00, '2025-12-12 05:50:41', 55174.00),
(446, 155, 38, 'Premium Tablet 2024', 2, 29825.00, '2025-12-12 05:50:41', 59650.00),
(447, 155, 13, 'Premium Camera 2024', 1, 41509.00, '2025-12-12 05:50:41', 41509.00),
(448, 156, 39, 'Smart Headphones 2024', 2, 45500.00, '2025-12-12 05:50:41', 91000.00),
(449, 156, 32, 'Premium Tablet 2023', 2, 22852.00, '2025-12-12 05:50:41', 45704.00),
(450, 157, 30, 'Basic Headphones 2024', 3, 42823.00, '2025-12-12 05:50:41', 128469.00),
(451, 158, 17, 'Basic Keyboard 2023', 2, 45643.00, '2025-12-12 05:50:41', 91286.00),
(452, 158, 17, 'Basic Keyboard 2023', 3, 45643.00, '2025-12-12 05:50:41', 136929.00),
(453, 158, 9, 'Eco Speaker 2025', 1, 9505.00, '2025-12-12 05:50:41', 9505.00),
(454, 158, 15, 'Pro Headphones 2023', 2, 6225.00, '2025-12-12 05:50:41', 12450.00),
(455, 158, 22, 'Analog Camera 2023', 1, 28569.00, '2025-12-12 05:50:41', 28569.00),
(456, 159, 2, 'Premium Office Chair', 2, 8500.00, '2025-12-12 05:50:41', 17000.00),
(457, 159, 18, 'Basic Tablet 2025', 1, 42188.00, '2025-12-12 05:50:41', 42188.00),
(458, 160, 13, 'Premium Camera 2024', 2, 41509.00, '2025-12-12 05:50:41', 83018.00),
(459, 161, 14, 'Premium Camera 2024', 3, 1451.00, '2025-12-12 05:50:41', 4353.00),
(460, 161, 27, 'Premium Laptop 2025', 2, 24004.00, '2025-12-12 05:50:41', 48008.00),
(461, 161, 6, 'Designer Coffee Mug', 1, 350.00, '2025-12-12 05:50:41', 350.00),
(462, 162, 25, 'Digital Laptop 2023', 2, 40933.00, '2025-12-12 05:50:41', 81866.00),
(463, 163, 16, 'Basic Headphones 2023', 3, 40592.00, '2025-12-12 05:50:41', 121776.00),
(464, 163, 25, 'Digital Laptop 2023', 3, 40933.00, '2025-12-12 05:50:41', 122799.00),
(465, 164, 37, 'Basic Speaker 2024', 2, 40570.00, '2025-12-12 05:50:41', 81140.00),
(466, 165, 25, 'Digital Laptop 2023', 1, 40933.00, '2025-12-12 05:50:41', 40933.00),
(467, 165, 43, 'Basic Phone 2024', 3, 30516.00, '2025-12-12 05:50:41', 91548.00),
(468, 165, 45, 'Luxury Keyboard 2024', 2, 32303.00, '2025-12-12 05:50:41', 64606.00),
(469, 165, 19, 'Digital Mouse 2024', 1, 36910.00, '2025-12-12 05:50:41', 36910.00),
(470, 166, 7, '4K Monitor 27-inch', 2, 15000.00, '2025-12-12 05:50:41', 30000.00),
(471, 166, 24, 'Basic Mouse 2023', 2, 23334.00, '2025-12-12 05:50:41', 46668.00),
(472, 166, 11, 'Premium Headphones 2023', 3, 34567.00, '2025-12-12 05:50:41', 103701.00),
(473, 166, 21, 'Pro Tablet 2025', 2, 29293.00, '2025-12-12 05:50:41', 58586.00),
(474, 166, 1, 'Professional Camera Kit', 2, 45000.00, '2025-12-12 05:50:41', 90000.00),
(475, 167, 36, 'Ultra Watch 2024', 1, 20142.00, '2025-12-12 05:50:41', 20142.00),
(476, 167, 15, 'Pro Headphones 2023', 3, 6225.00, '2025-12-12 05:50:41', 18675.00),
(477, 167, 26, 'Digital Watch 2025', 1, 28578.00, '2025-12-12 05:50:41', 28578.00),
(478, 167, 29, 'Premium Speaker 2024', 1, 26597.00, '2025-12-12 05:50:41', 26597.00),
(479, 168, 30, 'Basic Headphones 2024', 3, 42823.00, '2025-12-12 05:50:41', 128469.00),
(480, 168, 48, 'Luxury Watch 2024', 3, 14548.00, '2025-12-12 05:50:41', 43644.00),
(481, 168, 47, 'Eco Phone 2025', 1, 1532.00, '2025-12-12 05:50:41', 1532.00),
(482, 168, 10, 'Wireless Laptop 2025', 2, 478.00, '2025-12-12 05:50:41', 956.00),
(483, 169, 24, 'Basic Mouse 2023', 1, 23334.00, '2025-12-12 05:50:41', 23334.00),
(484, 169, 12, 'Premium Laptop 2025', 3, 33901.00, '2025-12-12 05:50:41', 101703.00),
(485, 169, 45, 'Luxury Keyboard 2024', 2, 32303.00, '2025-12-12 05:50:41', 64606.00),
(486, 169, 29, 'Premium Speaker 2024', 2, 26597.00, '2025-12-12 05:50:41', 53194.00),
(487, 169, 42, 'Digital Tablet 2024', 3, 7771.00, '2025-12-12 05:50:41', 23313.00),
(488, 170, 40, 'Wireless Headphones 2023', 3, 31658.00, '2025-12-12 05:50:41', 94974.00),
(489, 170, 44, 'Basic Laptop 2024', 2, 43384.00, '2025-12-12 05:50:41', 86768.00),
(490, 170, 41, 'Pro Headphones 2023', 2, 27587.00, '2025-12-12 05:50:41', 55174.00),
(491, 171, 25, 'Digital Laptop 2023', 3, 40933.00, '2025-12-12 05:50:41', 122799.00),
(492, 171, 43, 'Basic Phone 2024', 2, 30516.00, '2025-12-12 05:50:41', 61032.00),
(493, 171, 41, 'Pro Headphones 2023', 2, 27587.00, '2025-12-12 05:50:41', 55174.00),
(494, 171, 12, 'Premium Laptop 2025', 1, 33901.00, '2025-12-12 05:50:41', 33901.00),
(495, 172, 40, 'Wireless Headphones 2023', 3, 31658.00, '2025-12-12 05:50:41', 94974.00),
(496, 172, 11, 'Premium Headphones 2023', 1, 34567.00, '2025-12-12 05:50:41', 34567.00),
(497, 173, 25, 'Digital Laptop 2023', 1, 40933.00, '2025-12-12 05:50:41', 40933.00),
(498, 174, 19, 'Digital Mouse 2024', 2, 36910.00, '2025-12-12 05:50:41', 73820.00),
(499, 174, 47, 'Eco Phone 2025', 3, 1532.00, '2025-12-12 05:50:41', 4596.00),
(500, 174, 37, 'Basic Speaker 2024', 3, 40570.00, '2025-12-12 05:50:41', 121710.00),
(501, 174, 11, 'Premium Headphones 2023', 1, 34567.00, '2025-12-12 05:50:41', 34567.00),
(502, 175, 28, 'Digital Phone 2024', 3, 42075.00, '2025-12-12 05:50:41', 126225.00),
(503, 175, 31, 'Ultra Monitor 2024', 3, 21910.00, '2025-12-12 05:50:41', 65730.00),
(504, 175, 50, 'Smart Speaker 2025', 3, 33591.00, '2025-12-12 05:50:41', 100773.00),
(505, 175, 2, 'Premium Office Chair', 1, 8500.00, '2025-12-12 05:50:41', 8500.00),
(506, 176, 17, 'Basic Keyboard 2023', 1, 45643.00, '2025-12-12 05:50:41', 45643.00),
(507, 176, 44, 'Basic Laptop 2024', 1, 43384.00, '2025-12-12 05:50:41', 43384.00),
(508, 176, 31, 'Ultra Monitor 2024', 2, 21910.00, '2025-12-12 05:50:41', 43820.00),
(509, 176, 45, 'Luxury Keyboard 2024', 3, 32303.00, '2025-12-12 05:50:41', 96909.00),
(510, 176, 45, 'Luxury Keyboard 2024', 2, 32303.00, '2025-12-12 05:50:41', 64606.00),
(511, 176, 19, 'Digital Mouse 2024', 2, 36910.00, '2025-12-12 05:50:41', 73820.00),
(512, 177, 49, 'Analog Watch 2024', 3, 24843.00, '2025-12-12 05:50:41', 74529.00),
(513, 177, 17, 'Basic Keyboard 2023', 3, 45643.00, '2025-12-12 05:50:41', 136929.00),
(514, 177, 15, 'Pro Headphones 2023', 3, 6225.00, '2025-12-12 05:50:41', 18675.00),
(515, 177, 27, 'Premium Laptop 2025', 1, 24004.00, '2025-12-12 05:50:41', 24004.00),
(516, 178, 40, 'Wireless Headphones 2023', 2, 31658.00, '2025-12-12 05:50:41', 63316.00),
(517, 178, 26, 'Digital Watch 2025', 3, 28578.00, '2025-12-12 05:50:41', 85734.00),
(518, 178, 27, 'Premium Laptop 2025', 1, 24004.00, '2025-12-12 05:50:41', 24004.00),
(519, 178, 26, 'Digital Watch 2025', 1, 28578.00, '2025-12-12 05:50:41', 28578.00),
(520, 179, 7, '4K Monitor 27-inch', 1, 15000.00, '2025-12-12 05:50:41', 15000.00),
(521, 179, 2, 'Premium Office Chair', 3, 8500.00, '2025-12-12 05:50:41', 25500.00),
(522, 179, 1, 'Professional Camera Kit', 3, 45000.00, '2025-12-12 05:50:41', 135000.00),
(523, 179, 3, 'Mechanical Keyboard', 3, 3200.00, '2025-12-12 05:50:41', 9600.00),
(524, 179, 21, 'Pro Tablet 2025', 2, 29293.00, '2025-12-12 05:50:41', 58586.00),
(525, 179, 24, 'Basic Mouse 2023', 3, 23334.00, '2025-12-12 05:50:41', 70002.00),
(526, 180, 14, 'Premium Camera 2024', 3, 1451.00, '2025-12-12 05:50:41', 4353.00),
(527, 180, 13, 'Premium Camera 2024', 1, 41509.00, '2025-12-12 05:50:41', 41509.00),
(528, 180, 48, 'Luxury Watch 2024', 2, 14548.00, '2025-12-12 05:50:41', 29096.00),
(529, 181, 47, 'Eco Phone 2025', 3, 1532.00, '2025-12-12 05:50:41', 4596.00),
(530, 181, 26, 'Digital Watch 2025', 1, 28578.00, '2025-12-12 05:50:41', 28578.00),
(531, 182, 3, 'Mechanical Keyboard', 3, 3200.00, '2025-12-12 05:50:41', 9600.00),
(532, 182, 36, 'Ultra Watch 2024', 1, 20142.00, '2025-12-12 05:50:41', 20142.00),
(533, 182, 8, 'Vintage Film Camera', 3, 5500.00, '2025-12-12 05:50:41', 16500.00),
(534, 183, 24, 'Basic Mouse 2023', 1, 23334.00, '2025-12-12 05:50:41', 23334.00),
(535, 183, 26, 'Digital Watch 2025', 1, 28578.00, '2025-12-12 05:50:41', 28578.00),
(536, 183, 1, 'Professional Camera Kit', 3, 45000.00, '2025-12-12 05:50:41', 135000.00),
(537, 183, 30, 'Basic Headphones 2024', 1, 42823.00, '2025-12-12 05:50:41', 42823.00),
(538, 184, 22, 'Analog Camera 2023', 1, 28569.00, '2025-12-12 05:50:41', 28569.00),
(539, 184, 37, 'Basic Speaker 2024', 2, 40570.00, '2025-12-12 05:50:41', 81140.00),
(540, 184, 34, 'Digital Phone 2024', 3, 25288.00, '2025-12-12 05:50:41', 75864.00),
(541, 184, 29, 'Premium Speaker 2024', 3, 26597.00, '2025-12-12 05:50:41', 79791.00),
(542, 184, 44, 'Basic Laptop 2024', 3, 43384.00, '2025-12-12 05:50:41', 130152.00),
(543, 184, 15, 'Pro Headphones 2023', 3, 6225.00, '2025-12-12 05:50:41', 18675.00),
(544, 185, 42, 'Digital Tablet 2024', 3, 7771.00, '2025-12-12 05:50:41', 23313.00),
(545, 185, 7, '4K Monitor 27-inch', 2, 15000.00, '2025-12-12 05:50:41', 30000.00),
(546, 185, 48, 'Luxury Watch 2024', 3, 14548.00, '2025-12-12 05:50:41', 43644.00),
(547, 186, 5, 'Smart Watch Series 5', 1, 12000.00, '2025-12-12 05:50:41', 12000.00),
(548, 186, 4, 'Wireless Noise-Canceling Headphones', 2, 7900.00, '2025-12-12 05:50:41', 15800.00),
(549, 186, 29, 'Premium Speaker 2024', 2, 26597.00, '2025-12-12 05:50:41', 53194.00),
(550, 186, 32, 'Premium Tablet 2023', 1, 22852.00, '2025-12-12 05:50:41', 22852.00),
(551, 186, 42, 'Digital Tablet 2024', 1, 7771.00, '2025-12-12 05:50:41', 7771.00),
(552, 186, 1, 'Professional Camera Kit', 1, 45000.00, '2025-12-12 05:50:41', 45000.00),
(553, 187, 3, 'Mechanical Keyboard', 2, 3200.00, '2025-12-12 05:50:41', 6400.00),
(554, 187, 3, 'Mechanical Keyboard', 1, 3200.00, '2025-12-12 05:50:41', 3200.00),
(555, 188, 38, 'Premium Tablet 2024', 2, 29825.00, '2025-12-12 05:50:41', 59650.00),
(556, 188, 16, 'Basic Headphones 2023', 2, 40592.00, '2025-12-12 05:50:41', 81184.00),
(557, 189, 27, 'Premium Laptop 2025', 1, 24004.00, '2025-12-12 05:50:41', 24004.00),
(558, 189, 16, 'Basic Headphones 2023', 1, 40592.00, '2025-12-12 05:50:41', 40592.00),
(559, 189, 38, 'Premium Tablet 2024', 3, 29825.00, '2025-12-12 05:50:41', 89475.00),
(560, 189, 7, '4K Monitor 27-inch', 2, 15000.00, '2025-12-12 05:50:41', 30000.00),
(561, 189, 26, 'Digital Watch 2025', 3, 28578.00, '2025-12-12 05:50:41', 85734.00),
(562, 189, 42, 'Digital Tablet 2024', 2, 7771.00, '2025-12-12 05:50:41', 15542.00),
(563, 190, 12, 'Premium Laptop 2025', 3, 33901.00, '2025-12-12 05:50:41', 101703.00),
(564, 190, 32, 'Premium Tablet 2023', 3, 22852.00, '2025-12-12 05:50:41', 68556.00),
(565, 190, 5, 'Smart Watch Series 5', 2, 12000.00, '2025-12-12 05:50:41', 24000.00),
(566, 190, 18, 'Basic Tablet 2025', 1, 42188.00, '2025-12-12 05:50:41', 42188.00),
(567, 190, 27, 'Premium Laptop 2025', 2, 24004.00, '2025-12-12 05:50:41', 48008.00),
(568, 190, 28, 'Digital Phone 2024', 1, 42075.00, '2025-12-12 05:50:41', 42075.00),
(569, 191, 44, 'Basic Laptop 2024', 3, 43384.00, '2025-12-12 05:50:41', 130152.00),
(570, 191, 29, 'Premium Speaker 2024', 1, 26597.00, '2025-12-12 05:50:41', 26597.00),
(571, 192, 12, 'Premium Laptop 2025', 1, 33901.00, '2025-12-12 05:50:41', 33901.00),
(572, 193, 36, 'Ultra Watch 2024', 3, 20142.00, '2025-12-12 05:50:41', 60426.00),
(573, 193, 9, 'Eco Speaker 2025', 1, 9505.00, '2025-12-12 05:50:41', 9505.00),
(574, 194, 25, 'Digital Laptop 2023', 3, 40933.00, '2025-12-12 05:50:41', 122799.00),
(575, 194, 36, 'Ultra Watch 2024', 3, 20142.00, '2025-12-12 05:50:41', 60426.00),
(576, 194, 16, 'Basic Headphones 2023', 2, 40592.00, '2025-12-12 05:50:41', 81184.00),
(577, 195, 1, 'Professional Camera Kit', 2, 45000.00, '2025-12-12 05:50:41', 90000.00),
(578, 195, 12, 'Premium Laptop 2025', 2, 33901.00, '2025-12-12 05:50:41', 67802.00),
(579, 195, 6, 'Designer Coffee Mug', 2, 350.00, '2025-12-12 05:50:41', 700.00),
(580, 196, 29, 'Premium Speaker 2024', 3, 26597.00, '2025-12-12 05:50:41', 79791.00),
(581, 196, 6, 'Designer Coffee Mug', 1, 350.00, '2025-12-12 05:50:41', 350.00),
(582, 196, 6, 'Designer Coffee Mug', 1, 350.00, '2025-12-12 05:50:41', 350.00),
(583, 196, 9, 'Eco Speaker 2025', 3, 9505.00, '2025-12-12 05:50:41', 28515.00),
(584, 197, 15, 'Pro Headphones 2023', 3, 6225.00, '2025-12-12 05:50:41', 18675.00),
(585, 197, 4, 'Wireless Noise-Canceling Headphones', 3, 7900.00, '2025-12-12 05:50:41', 23700.00),
(586, 198, 15, 'Pro Headphones 2023', 2, 6225.00, '2025-12-12 05:50:41', 12450.00),
(587, 198, 40, 'Wireless Headphones 2023', 1, 31658.00, '2025-12-12 05:50:41', 31658.00),
(588, 199, 38, 'Premium Tablet 2024', 1, 29825.00, '2025-12-12 05:50:41', 29825.00),
(589, 199, 48, 'Luxury Watch 2024', 1, 14548.00, '2025-12-12 05:50:41', 14548.00),
(590, 199, 42, 'Digital Tablet 2024', 1, 7771.00, '2025-12-12 05:50:41', 7771.00),
(591, 199, 7, '4K Monitor 27-inch', 3, 15000.00, '2025-12-12 05:50:41', 45000.00),
(592, 199, 18, 'Basic Tablet 2025', 1, 42188.00, '2025-12-12 05:50:41', 42188.00),
(593, 200, 48, 'Luxury Watch 2024', 1, 14548.00, '2025-12-12 05:50:41', 14548.00),
(594, 200, 44, 'Basic Laptop 2024', 2, 43384.00, '2025-12-12 05:50:41', 86768.00),
(595, 200, 29, 'Premium Speaker 2024', 3, 26597.00, '2025-12-12 05:50:41', 79791.00),
(596, 201, 26, 'Digital Watch 2025', 2, 28578.00, '2025-12-12 05:50:41', 57156.00),
(597, 202, 38, 'Premium Tablet 2024', 2, 29825.00, '2025-12-12 05:50:41', 59650.00),
(598, 202, 26, 'Digital Watch 2025', 3, 28578.00, '2025-12-12 05:50:41', 85734.00),
(599, 202, 25, 'Digital Laptop 2023', 1, 40933.00, '2025-12-12 05:50:41', 40933.00),
(600, 203, 14, 'Premium Camera 2024', 2, 1451.00, '2025-12-12 05:50:41', 2902.00),
(601, 203, 24, 'Basic Mouse 2023', 3, 23334.00, '2025-12-12 05:50:41', 70002.00),
(602, 203, 34, 'Digital Phone 2024', 2, 25288.00, '2025-12-12 05:50:41', 50576.00),
(603, 204, 15, 'Pro Headphones 2023', 2, 6225.00, '2025-12-12 05:50:41', 12450.00),
(604, 204, 24, 'Basic Mouse 2023', 1, 23334.00, '2025-12-12 05:50:41', 23334.00),
(605, 204, 20, 'Ultra Speaker 2024', 1, 30824.00, '2025-12-12 05:50:41', 30824.00),
(606, 204, 32, 'Premium Tablet 2023', 3, 22852.00, '2025-12-12 05:50:41', 68556.00),
(607, 205, 27, 'Premium Laptop 2025', 3, 24004.00, '2025-12-12 05:50:41', 72012.00),
(608, 205, 21, 'Pro Tablet 2025', 2, 29293.00, '2025-12-12 05:50:41', 58586.00);
INSERT INTO `order_items` (`id`, `order_id`, `product_id`, `product_name`, `quantity`, `price`, `created_at`, `subtotal`) VALUES
(609, 205, 27, 'Premium Laptop 2025', 2, 24004.00, '2025-12-12 05:50:41', 48008.00),
(610, 205, 41, 'Pro Headphones 2023', 2, 27587.00, '2025-12-12 05:50:41', 55174.00),
(611, 205, 7, '4K Monitor 27-inch', 1, 15000.00, '2025-12-12 05:50:41', 15000.00),
(612, 205, 13, 'Premium Camera 2024', 2, 41509.00, '2025-12-12 05:50:41', 83018.00),
(613, 206, 3, 'Mechanical Keyboard', 2, 3200.00, '2025-12-12 05:50:41', 6400.00),
(614, 206, 22, 'Analog Camera 2023', 2, 28569.00, '2025-12-12 05:50:41', 57138.00),
(615, 206, 4, 'Wireless Noise-Canceling Headphones', 1, 7900.00, '2025-12-12 05:50:41', 7900.00),
(616, 206, 45, 'Luxury Keyboard 2024', 1, 32303.00, '2025-12-12 05:50:41', 32303.00),
(617, 207, 14, 'Premium Camera 2024', 1, 1451.00, '2025-12-12 05:50:41', 1451.00),
(618, 207, 7, '4K Monitor 27-inch', 2, 15000.00, '2025-12-12 05:50:41', 30000.00),
(619, 207, 24, 'Basic Mouse 2023', 2, 23334.00, '2025-12-12 05:50:41', 46668.00),
(620, 208, 44, 'Basic Laptop 2024', 3, 43384.00, '2025-12-12 05:50:41', 130152.00),
(621, 208, 23, 'Ultra Mouse 2024', 3, 4428.00, '2025-12-12 05:50:41', 13284.00),
(622, 209, 28, 'Digital Phone 2024', 2, 42075.00, '2025-12-12 05:50:41', 84150.00),
(623, 210, 33, 'Smart Headphones 2025', 1, 44372.00, '2025-12-12 05:50:41', 44372.00),
(624, 210, 35, 'Pro Mouse 2025', 2, 49321.00, '2025-12-12 05:50:41', 98642.00),
(625, 210, 40, 'Wireless Headphones 2023', 1, 31658.00, '2025-12-12 05:50:41', 31658.00),
(626, 211, 5, 'Smart Watch Series 5', 3, 12000.00, '2025-12-12 05:50:41', 36000.00),
(627, 211, 6, 'Designer Coffee Mug', 3, 350.00, '2025-12-12 05:50:41', 1050.00),
(628, 211, 35, 'Pro Mouse 2025', 2, 49321.00, '2025-12-12 05:50:41', 98642.00),
(629, 211, 8, 'Vintage Film Camera', 3, 5500.00, '2025-12-12 05:50:41', 16500.00),
(630, 211, 6, 'Designer Coffee Mug', 3, 350.00, '2025-12-12 05:50:41', 1050.00),
(631, 212, 45, 'Luxury Keyboard 2024', 2, 32303.00, '2025-12-12 05:50:41', 64606.00),
(632, 212, 15, 'Pro Headphones 2023', 3, 6225.00, '2025-12-12 05:50:41', 18675.00),
(633, 213, 22, 'Analog Camera 2023', 3, 28569.00, '2025-12-12 05:50:41', 85707.00),
(634, 213, 28, 'Digital Phone 2024', 3, 42075.00, '2025-12-12 05:50:41', 126225.00),
(635, 214, 7, '4K Monitor 27-inch', 1, 15000.00, '2025-12-12 05:50:41', 15000.00),
(636, 214, 16, 'Basic Headphones 2023', 3, 40592.00, '2025-12-12 05:50:41', 121776.00),
(637, 214, 34, 'Digital Phone 2024', 2, 25288.00, '2025-12-12 05:50:41', 50576.00),
(638, 214, 3, 'Mechanical Keyboard', 3, 3200.00, '2025-12-12 05:50:41', 9600.00),
(639, 214, 46, 'Premium Mouse 2023', 3, 32050.00, '2025-12-12 05:50:41', 96150.00),
(640, 214, 15, 'Pro Headphones 2023', 3, 6225.00, '2025-12-12 05:50:41', 18675.00),
(641, 215, 45, 'Luxury Keyboard 2024', 3, 32303.00, '2025-12-12 05:50:41', 96909.00),
(642, 215, 20, 'Ultra Speaker 2024', 1, 30824.00, '2025-12-12 05:50:41', 30824.00),
(643, 216, 49, 'Analog Watch 2024', 1, 24843.00, '2025-12-12 05:50:41', 24843.00),
(644, 216, 18, 'Basic Tablet 2025', 1, 42188.00, '2025-12-12 05:50:41', 42188.00),
(645, 216, 32, 'Premium Tablet 2023', 3, 22852.00, '2025-12-12 05:50:41', 68556.00),
(646, 216, 26, 'Digital Watch 2025', 1, 28578.00, '2025-12-12 05:50:41', 28578.00),
(647, 216, 38, 'Premium Tablet 2024', 1, 29825.00, '2025-12-12 05:50:41', 29825.00),
(648, 216, 35, 'Pro Mouse 2025', 2, 49321.00, '2025-12-12 05:50:41', 98642.00),
(649, 217, 29, 'Premium Speaker 2024', 2, 26597.00, '2025-12-12 05:50:41', 53194.00),
(650, 217, 45, 'Luxury Keyboard 2024', 3, 32303.00, '2025-12-12 05:50:41', 96909.00),
(651, 217, 49, 'Analog Watch 2024', 1, 24843.00, '2025-12-12 05:50:41', 24843.00),
(652, 217, 49, 'Analog Watch 2024', 2, 24843.00, '2025-12-12 05:50:41', 49686.00),
(653, 217, 47, 'Eco Phone 2025', 3, 1532.00, '2025-12-12 05:50:41', 4596.00),
(654, 217, 8, 'Vintage Film Camera', 2, 5500.00, '2025-12-12 05:50:41', 11000.00),
(655, 218, 38, 'Premium Tablet 2024', 2, 29825.00, '2025-12-12 05:50:41', 59650.00),
(656, 218, 31, 'Ultra Monitor 2024', 1, 21910.00, '2025-12-12 05:50:41', 21910.00),
(657, 218, 34, 'Digital Phone 2024', 3, 25288.00, '2025-12-12 05:50:41', 75864.00),
(658, 218, 46, 'Premium Mouse 2023', 1, 32050.00, '2025-12-12 05:50:41', 32050.00),
(659, 218, 21, 'Pro Tablet 2025', 2, 29293.00, '2025-12-12 05:50:41', 58586.00),
(660, 218, 46, 'Premium Mouse 2023', 3, 32050.00, '2025-12-12 05:50:41', 96150.00),
(661, 219, 23, 'Ultra Mouse 2024', 2, 4428.00, '2025-12-12 05:50:41', 8856.00),
(662, 219, 47, 'Eco Phone 2025', 1, 1532.00, '2025-12-12 05:50:41', 1532.00),
(663, 220, 45, 'Luxury Keyboard 2024', 2, 32303.00, '2025-12-12 05:50:41', 64606.00),
(664, 220, 12, 'Premium Laptop 2025', 1, 33901.00, '2025-12-12 05:50:41', 33901.00),
(665, 220, 4, 'Wireless Noise-Canceling Headphones', 1, 7900.00, '2025-12-12 05:50:41', 7900.00),
(666, 220, 47, 'Eco Phone 2025', 2, 1532.00, '2025-12-12 05:50:41', 3064.00),
(667, 220, 4, 'Wireless Noise-Canceling Headphones', 2, 7900.00, '2025-12-12 05:50:41', 15800.00),
(668, 221, 46, 'Premium Mouse 2023', 3, 32050.00, '2025-12-12 05:50:41', 96150.00),
(669, 221, 47, 'Eco Phone 2025', 1, 1532.00, '2025-12-12 05:50:41', 1532.00),
(670, 221, 16, 'Basic Headphones 2023', 2, 40592.00, '2025-12-12 05:50:41', 81184.00),
(671, 221, 23, 'Ultra Mouse 2024', 3, 4428.00, '2025-12-12 05:50:41', 13284.00),
(672, 221, 29, 'Premium Speaker 2024', 2, 26597.00, '2025-12-12 05:50:41', 53194.00),
(673, 221, 46, 'Premium Mouse 2023', 3, 32050.00, '2025-12-12 05:50:41', 96150.00),
(674, 222, 31, 'Ultra Monitor 2024', 3, 21910.00, '2025-12-12 05:50:41', 65730.00),
(675, 222, 24, 'Basic Mouse 2023', 3, 23334.00, '2025-12-12 05:50:41', 70002.00),
(676, 222, 7, '4K Monitor 27-inch', 1, 15000.00, '2025-12-12 05:50:41', 15000.00),
(677, 222, 3, 'Mechanical Keyboard', 2, 3200.00, '2025-12-12 05:50:41', 6400.00),
(678, 222, 16, 'Basic Headphones 2023', 1, 40592.00, '2025-12-12 05:50:41', 40592.00),
(679, 222, 28, 'Digital Phone 2024', 1, 42075.00, '2025-12-12 05:50:41', 42075.00),
(680, 223, 41, 'Pro Headphones 2023', 3, 27587.00, '2025-12-12 05:50:41', 82761.00),
(681, 224, 29, 'Premium Speaker 2024', 2, 26597.00, '2025-12-12 05:50:41', 53194.00),
(682, 224, 11, 'Premium Headphones 2023', 3, 34567.00, '2025-12-12 05:50:41', 103701.00),
(683, 224, 21, 'Pro Tablet 2025', 3, 29293.00, '2025-12-12 05:50:41', 87879.00),
(684, 224, 1, 'Professional Camera Kit', 2, 45000.00, '2025-12-12 05:50:41', 90000.00),
(685, 225, 14, 'Premium Camera 2024', 3, 1451.00, '2025-12-12 05:50:41', 4353.00),
(686, 226, 1, 'Professional Camera Kit', 2, 45000.00, '2025-12-12 05:50:41', 90000.00),
(687, 226, 32, 'Premium Tablet 2023', 3, 22852.00, '2025-12-12 05:50:41', 68556.00),
(688, 226, 9, 'Eco Speaker 2025', 2, 9505.00, '2025-12-12 05:50:41', 19010.00),
(689, 226, 24, 'Basic Mouse 2023', 3, 23334.00, '2025-12-12 05:50:41', 70002.00),
(690, 227, 19, 'Digital Mouse 2024', 3, 36910.00, '2025-12-12 05:50:41', 110730.00),
(691, 227, 21, 'Pro Tablet 2025', 3, 29293.00, '2025-12-12 05:50:41', 87879.00),
(692, 227, 42, 'Digital Tablet 2024', 2, 7771.00, '2025-12-12 05:50:41', 15542.00),
(693, 227, 34, 'Digital Phone 2024', 1, 25288.00, '2025-12-12 05:50:41', 25288.00),
(694, 227, 15, 'Pro Headphones 2023', 3, 6225.00, '2025-12-12 05:50:41', 18675.00),
(695, 227, 50, 'Smart Speaker 2025', 3, 33591.00, '2025-12-12 05:50:41', 100773.00),
(696, 228, 31, 'Ultra Monitor 2024', 3, 21910.00, '2025-12-12 05:50:41', 65730.00),
(697, 229, 42, 'Digital Tablet 2024', 2, 7771.00, '2025-12-12 05:50:41', 15542.00),
(698, 229, 30, 'Basic Headphones 2024', 1, 42823.00, '2025-12-12 05:50:41', 42823.00),
(699, 229, 10, 'Wireless Laptop 2025', 2, 478.00, '2025-12-12 05:50:41', 956.00),
(700, 229, 10, 'Wireless Laptop 2025', 1, 478.00, '2025-12-12 05:50:41', 478.00),
(701, 230, 47, 'Eco Phone 2025', 1, 1532.00, '2025-12-12 05:50:41', 1532.00),
(702, 231, 44, 'Basic Laptop 2024', 2, 43384.00, '2025-12-12 05:50:41', 86768.00),
(703, 232, 30, 'Basic Headphones 2024', 3, 42823.00, '2025-12-12 05:50:41', 128469.00),
(704, 233, 3, 'Mechanical Keyboard', 1, 3200.00, '2025-12-12 05:50:41', 3200.00),
(705, 233, 3, 'Mechanical Keyboard', 1, 3200.00, '2025-12-12 05:50:41', 3200.00),
(706, 233, 2, 'Premium Office Chair', 3, 8500.00, '2025-12-12 05:50:41', 25500.00),
(707, 233, 41, 'Pro Headphones 2023', 2, 27587.00, '2025-12-12 05:50:41', 55174.00),
(708, 233, 16, 'Basic Headphones 2023', 3, 40592.00, '2025-12-12 05:50:41', 121776.00),
(709, 234, 45, 'Luxury Keyboard 2024', 3, 32303.00, '2025-12-12 05:50:41', 96909.00),
(710, 235, 32, 'Premium Tablet 2023', 1, 22852.00, '2025-12-12 05:50:41', 22852.00),
(711, 235, 22, 'Analog Camera 2023', 2, 28569.00, '2025-12-12 05:50:41', 57138.00),
(712, 236, 38, 'Premium Tablet 2024', 1, 29825.00, '2025-12-12 05:50:41', 29825.00),
(713, 236, 27, 'Premium Laptop 2025', 1, 24004.00, '2025-12-12 05:50:41', 24004.00),
(714, 237, 24, 'Basic Mouse 2023', 3, 23334.00, '2025-12-12 05:50:41', 70002.00),
(715, 238, 6, 'Designer Coffee Mug', 2, 350.00, '2025-12-12 05:50:41', 700.00),
(716, 238, 31, 'Ultra Monitor 2024', 2, 21910.00, '2025-12-12 05:50:41', 43820.00),
(717, 238, 12, 'Premium Laptop 2025', 2, 33901.00, '2025-12-12 05:50:41', 67802.00),
(718, 238, 22, 'Analog Camera 2023', 3, 28569.00, '2025-12-12 05:50:41', 85707.00),
(719, 238, 49, 'Analog Watch 2024', 1, 24843.00, '2025-12-12 05:50:41', 24843.00),
(720, 238, 7, '4K Monitor 27-inch', 2, 15000.00, '2025-12-12 05:50:41', 30000.00),
(721, 239, 14, 'Premium Camera 2024', 3, 1451.00, '2025-12-12 05:50:42', 4353.00),
(722, 239, 18, 'Basic Tablet 2025', 1, 42188.00, '2025-12-12 05:50:42', 42188.00),
(723, 240, 19, 'Digital Mouse 2024', 3, 36910.00, '2025-12-12 05:50:42', 110730.00),
(724, 240, 37, 'Basic Speaker 2024', 3, 40570.00, '2025-12-12 05:50:42', 121710.00),
(725, 241, 20, 'Ultra Speaker 2024', 2, 30824.00, '2025-12-12 05:50:42', 61648.00),
(726, 241, 32, 'Premium Tablet 2023', 3, 22852.00, '2025-12-12 05:50:42', 68556.00),
(727, 242, 47, 'Eco Phone 2025', 1, 1532.00, '2025-12-12 05:50:42', 1532.00),
(728, 242, 28, 'Digital Phone 2024', 3, 42075.00, '2025-12-12 05:50:42', 126225.00),
(729, 242, 17, 'Basic Keyboard 2023', 2, 45643.00, '2025-12-12 05:50:42', 91286.00),
(730, 242, 16, 'Basic Headphones 2023', 2, 40592.00, '2025-12-12 05:50:42', 81184.00),
(731, 242, 5, 'Smart Watch Series 5', 1, 12000.00, '2025-12-12 05:50:42', 12000.00),
(732, 242, 35, 'Pro Mouse 2025', 1, 49321.00, '2025-12-12 05:50:42', 49321.00),
(733, 243, 26, 'Digital Watch 2025', 3, 28578.00, '2025-12-12 05:50:42', 85734.00),
(734, 243, 14, 'Premium Camera 2024', 1, 1451.00, '2025-12-12 05:50:42', 1451.00),
(735, 244, 16, 'Basic Headphones 2023', 1, 40592.00, '2025-12-12 05:50:42', 40592.00),
(736, 244, 11, 'Premium Headphones 2023', 1, 34567.00, '2025-12-12 05:50:42', 34567.00),
(737, 244, 18, 'Basic Tablet 2025', 3, 42188.00, '2025-12-12 05:50:42', 126564.00),
(738, 244, 11, 'Premium Headphones 2023', 1, 34567.00, '2025-12-12 05:50:42', 34567.00),
(739, 244, 36, 'Ultra Watch 2024', 2, 20142.00, '2025-12-12 05:50:42', 40284.00),
(740, 244, 23, 'Ultra Mouse 2024', 1, 4428.00, '2025-12-12 05:50:42', 4428.00),
(741, 245, 3, 'Mechanical Keyboard', 1, 3200.00, '2025-12-12 05:50:42', 3200.00),
(742, 245, 30, 'Basic Headphones 2024', 3, 42823.00, '2025-12-12 05:50:42', 128469.00),
(743, 245, 50, 'Smart Speaker 2025', 3, 33591.00, '2025-12-12 05:50:42', 100773.00),
(744, 245, 21, 'Pro Tablet 2025', 2, 29293.00, '2025-12-12 05:50:42', 58586.00),
(745, 246, 29, 'Premium Speaker 2024', 1, 26597.00, '2025-12-12 05:50:42', 26597.00),
(746, 246, 6, 'Designer Coffee Mug', 3, 350.00, '2025-12-12 05:50:42', 1050.00),
(747, 247, 28, 'Digital Phone 2024', 1, 42075.00, '2025-12-12 05:50:42', 42075.00),
(748, 247, 23, 'Ultra Mouse 2024', 2, 4428.00, '2025-12-12 05:50:42', 8856.00),
(749, 247, 4, 'Wireless Noise-Canceling Headphones', 1, 7900.00, '2025-12-12 05:50:42', 7900.00),
(750, 247, 15, 'Pro Headphones 2023', 1, 6225.00, '2025-12-12 05:50:42', 6225.00),
(751, 248, 10, 'Wireless Laptop 2025', 2, 478.00, '2025-12-12 05:50:42', 956.00),
(752, 248, 15, 'Pro Headphones 2023', 1, 6225.00, '2025-12-12 05:50:42', 6225.00),
(753, 249, 34, 'Digital Phone 2024', 1, 25288.00, '2025-12-12 05:50:42', 25288.00),
(754, 249, 9, 'Eco Speaker 2025', 2, 9505.00, '2025-12-12 05:50:42', 19010.00),
(755, 249, 33, 'Smart Headphones 2025', 1, 44372.00, '2025-12-12 05:50:42', 44372.00),
(756, 250, 46, 'Premium Mouse 2023', 1, 32050.00, '2025-12-12 05:50:42', 32050.00),
(757, 250, 20, 'Ultra Speaker 2024', 2, 30824.00, '2025-12-12 05:50:42', 61648.00),
(758, 250, 33, 'Smart Headphones 2025', 2, 44372.00, '2025-12-12 05:50:42', 88744.00),
(759, 250, 37, 'Basic Speaker 2024', 2, 40570.00, '2025-12-12 05:50:42', 81140.00),
(760, 251, 14, 'Premium Camera 2024', 2, 1451.00, '2025-12-12 05:50:42', 2902.00),
(761, 251, 27, 'Premium Laptop 2025', 1, 24004.00, '2025-12-12 05:50:42', 24004.00),
(762, 251, 31, 'Ultra Monitor 2024', 1, 21910.00, '2025-12-12 05:50:42', 21910.00),
(763, 251, 41, 'Pro Headphones 2023', 3, 27587.00, '2025-12-12 05:50:42', 82761.00),
(764, 251, 36, 'Ultra Watch 2024', 3, 20142.00, '2025-12-12 05:50:42', 60426.00),
(765, 251, 29, 'Premium Speaker 2024', 3, 26597.00, '2025-12-12 05:50:42', 79791.00),
(766, 252, 28, 'Digital Phone 2024', 2, 42075.00, '2025-12-12 05:50:42', 84150.00),
(767, 252, 35, 'Pro Mouse 2025', 1, 49321.00, '2025-12-12 05:50:42', 49321.00),
(768, 252, 33, 'Smart Headphones 2025', 3, 44372.00, '2025-12-12 05:50:42', 133116.00),
(769, 253, 32, 'Premium Tablet 2023', 1, 22852.00, '2025-12-12 05:50:42', 22852.00),
(770, 253, 39, 'Smart Headphones 2024', 1, 45500.00, '2025-12-12 05:50:42', 45500.00),
(771, 253, 11, 'Premium Headphones 2023', 1, 34567.00, '2025-12-12 05:50:42', 34567.00),
(772, 253, 2, 'Premium Office Chair', 2, 8500.00, '2025-12-12 05:50:42', 17000.00),
(773, 254, 29, 'Premium Speaker 2024', 2, 26597.00, '2025-12-12 05:50:42', 53194.00),
(774, 254, 30, 'Basic Headphones 2024', 2, 42823.00, '2025-12-12 05:50:42', 85646.00),
(775, 254, 9, 'Eco Speaker 2025', 2, 9505.00, '2025-12-12 05:50:42', 19010.00),
(776, 255, 31, 'Ultra Monitor 2024', 1, 21910.00, '2025-12-12 05:50:42', 21910.00),
(777, 256, 48, 'Luxury Watch 2024', 1, 14548.00, '2025-12-12 11:00:56', 14548.00),
(778, 256, 49, 'Analog Watch 2024', 1, 24843.00, '2025-12-12 11:00:56', 24843.00),
(779, 256, 50, 'Smart Speaker 2025', 1, 33591.00, '2025-12-12 11:00:56', 33591.00),
(780, 257, 6, 'Designer Coffee Mug', 1, 350.00, '2025-12-18 10:34:17', 350.00),
(781, 258, 3, 'Mechanical Keyboard', 1, 3200.00, '2025-12-18 10:39:34', 3200.00),
(782, 259, 3, 'Mechanical Keyboard', 1, 3200.00, '2025-12-19 08:17:19', 3200.00),
(783, 259, 24, 'Basic Mouse 2023', 1, 23334.00, '2025-12-19 08:17:19', 23334.00),
(784, 260, 14, 'Premium Camera 2024', 1, 1451.00, '2025-12-19 08:28:38', 1451.00),
(785, 260, 32, 'Premium Tablet 2023', 1, 22852.00, '2025-12-19 08:28:38', 22852.00);

-- --------------------------------------------------------

--
-- 資料表結構 `products`
--

CREATE TABLE `products` (
  `id` int(11) NOT NULL,
  `name` varchar(255) NOT NULL,
  `description` text DEFAULT NULL,
  `price` decimal(10,2) NOT NULL,
  `cost` decimal(10,2) DEFAULT 0.00,
  `stock_quantity` int(11) DEFAULT 0,
  `sku` varchar(50) DEFAULT NULL,
  `category` varchar(100) DEFAULT NULL,
  `image_url` varchar(255) DEFAULT NULL,
  `created_at` timestamp NOT NULL DEFAULT current_timestamp()
) ENGINE=InnoDB DEFAULT CHARSET=utf8mb4 COLLATE=utf8mb4_unicode_ci;

--
-- 傾印資料表的資料 `products`
--

INSERT INTO `products` (`id`, `name`, `description`, `price`, `cost`, `stock_quantity`, `sku`, `category`, `image_url`, `created_at`) VALUES
(1, 'Professional Camera Kit', 'High-end DSLR camera with 24-70mm lens, perfect for professional photography.', 45000.00, 0.00, 15, NULL, NULL, 'https://picsum.photos/seed/1/300/300', '2025-12-12 03:45:59'),
(2, 'Premium Office Chair', 'Ergonomic mesh chair with lumbar support for long working hours.', 8500.00, 0.00, 50, NULL, NULL, 'https://picsum.photos/seed/2/300/300', '2025-12-12 03:45:59'),
(3, 'Mechanical Keyboard', 'RGB backlit mechanical keyboard with Cherry MX Blue switches.', 3200.00, 0.00, 98, NULL, NULL, 'https://picsum.photos/seed/3/300/300', '2025-12-12 03:45:59'),
(4, 'Wireless Noise-Canceling Headphones', 'Over-ear headphones with active noise cancellation and 30-hour battery life.', 7900.00, 0.00, 30, NULL, NULL, 'https://picsum.photos/seed/4/300/300', '2025-12-12 03:45:59'),
(5, 'Smart Watch Series 5', 'Advanced health monitoring, GPS, and water resistance up to 50m.', 12000.00, 0.00, 25, NULL, NULL, 'https://picsum.photos/seed/5/300/300', '2025-12-12 03:45:59'),
(6, 'Designer Coffee Mug', 'Ceramic mug with minimalist design, microwave safe.', 350.00, 0.00, 199, NULL, NULL, 'https://picsum.photos/seed/6/300/300', '2025-12-12 03:45:59'),
(7, '4K Monitor 27-inch', 'IPS panel with 144Hz refresh rate and HDR support.', 15000.00, 0.00, 10, NULL, NULL, 'https://picsum.photos/seed/7/300/300', '2025-12-12 03:45:59'),
(8, 'Vintage Film Camera', 'Restored 35mm film camera for retro photography enthusiasts.', 5500.00, 0.00, 5, NULL, NULL, 'https://picsum.photos/seed/8/300/300', '2025-12-12 03:45:59'),
(9, 'Eco Speaker 2025', 'This is a high-quality Eco Speaker 2025', 9505.00, 0.00, 206, 'ECO-7349', 'Accessories', 'https://picsum.photos/seed/9/300/300', '2025-12-12 05:46:38'),
(10, 'Wireless Laptop 2025', 'This is a high-quality Wireless Laptop 2025', 478.00, 0.00, 264, 'WIR-6870', 'Accessories', 'https://picsum.photos/seed/10/300/300', '2025-12-12 05:46:38'),
(11, 'Premium Headphones 2023', 'This is a high-quality Premium Headphones 2023', 34567.00, 0.00, 120, 'PRE-8719', 'Accessories', 'https://picsum.photos/seed/11/300/300', '2025-12-12 05:46:38'),
(12, 'Premium Laptop 2025', 'This is a high-quality Premium Laptop 2025', 33901.00, 0.00, 483, 'PRE-1736', 'Electronics', 'https://picsum.photos/seed/12/300/300', '2025-12-12 05:46:38'),
(13, 'Premium Camera 2024', 'This is a high-quality Premium Camera 2024', 41509.00, 0.00, 183, 'PRE-9575', 'Electronics', 'https://picsum.photos/seed/13/300/300', '2025-12-12 05:46:38'),
(14, 'Premium Camera 2024', 'This is a high-quality Premium Camera 2024', 1451.00, 0.00, 254, 'PRE-6929', 'Accessories', 'https://picsum.photos/seed/14/300/300', '2025-12-12 05:46:38'),
(15, 'Pro Headphones 2023', 'This is a high-quality Pro Headphones 2023', 6225.00, 0.00, 177, 'PRO-3540', 'Home', 'https://picsum.photos/seed/15/300/300', '2025-12-12 05:46:38'),
(16, 'Basic Headphones 2023', 'This is a high-quality Basic Headphones 2023', 40592.00, 0.00, 498, 'BAS-4064', 'Accessories', 'https://picsum.photos/seed/16/300/300', '2025-12-12 05:46:38'),
(17, 'Basic Keyboard 2023', 'This is a high-quality Basic Keyboard 2023', 45643.00, 0.00, 454, 'BAS-8207', 'Accessories', 'https://picsum.photos/seed/17/300/300', '2025-12-12 05:46:38'),
(18, 'Basic Tablet 2025', 'This is a high-quality Basic Tablet 2025', 42188.00, 0.00, 352, 'BAS-6972', 'Clothing', 'https://picsum.photos/seed/18/300/300', '2025-12-12 05:46:38'),
(19, 'Digital Mouse 2024', 'This is a high-quality Digital Mouse 2024', 36910.00, 0.00, 297, 'DIG-5610', 'Clothing', 'https://picsum.photos/seed/19/300/300', '2025-12-12 05:46:38'),
(20, 'Ultra Speaker 2024', 'This is a high-quality Ultra Speaker 2024', 30824.00, 0.00, 159, 'ULT-3009', 'Accessories', 'https://picsum.photos/seed/20/300/300', '2025-12-12 05:46:38'),
(21, 'Pro Tablet 2025', 'This is a high-quality Pro Tablet 2025', 29293.00, 0.00, 176, 'PRO-5922', 'Clothing', 'https://picsum.photos/seed/21/300/300', '2025-12-12 05:46:38'),
(22, 'Analog Camera 2023', 'This is a high-quality Analog Camera 2023', 28569.00, 0.00, 94, 'ANA-9728', 'Home', 'https://picsum.photos/seed/22/300/300', '2025-12-12 05:46:38'),
(23, 'Ultra Mouse 2024', 'This is a high-quality Ultra Mouse 2024', 4428.00, 0.00, 125, 'ULT-9812', 'Electronics', 'https://picsum.photos/seed/23/300/300', '2025-12-12 05:46:38'),
(24, 'Basic Mouse 2023', 'This is a high-quality Basic Mouse 2023', 23334.00, 0.00, 196, 'BAS-4945', 'Home', 'https://picsum.photos/seed/24/300/300', '2025-12-12 05:46:38'),
(25, 'Digital Laptop 2023', 'This is a high-quality Digital Laptop 2023', 40933.00, 0.00, 478, 'DIG-7243', 'Home', 'https://picsum.photos/seed/25/300/300', '2025-12-12 05:46:38'),
(26, 'Digital Watch 2025', 'This is a high-quality Digital Watch 2025', 28578.00, 0.00, 478, 'DIG-1076', 'Accessories', 'https://picsum.photos/seed/26/300/300', '2025-12-12 05:46:38'),
(27, 'Premium Laptop 2025', 'This is a high-quality Premium Laptop 2025', 24004.00, 0.00, 494, 'PRE-3898', 'Home', 'https://picsum.photos/seed/27/300/300', '2025-12-12 05:46:38'),
(28, 'Digital Phone 2024', 'This is a high-quality Digital Phone 2024', 42075.00, 0.00, 415, 'DIG-7772', 'Home', 'https://picsum.photos/seed/28/300/300', '2025-12-12 05:46:38'),
(29, 'Premium Speaker 2024', 'This is a high-quality Premium Speaker 2024', 26597.00, 0.00, 123, 'PRE-5895', 'Accessories', 'https://picsum.photos/seed/29/300/300', '2025-12-12 05:46:38'),
(30, 'Basic Headphones 2024', 'This is a high-quality Basic Headphones 2024', 42823.00, 0.00, 189, 'BAS-7129', 'Clothing', 'https://picsum.photos/seed/30/300/300', '2025-12-12 05:46:38'),
(31, 'Ultra Monitor 2024', 'This is a high-quality Ultra Monitor 2024', 21910.00, 0.00, 195, 'ULT-6222', 'Home', 'https://picsum.photos/seed/31/300/300', '2025-12-12 05:46:38'),
(32, 'Premium Tablet 2023', 'This is a high-quality Premium Tablet 2023', 22852.00, 0.00, 218, 'PRE-4594', 'Home', 'https://picsum.photos/seed/32/300/300', '2025-12-12 05:46:38'),
(33, 'Smart Headphones 2025', 'This is a high-quality Smart Headphones 2025', 44372.00, 0.00, 500, 'SMA-5022', 'Electronics', 'https://picsum.photos/seed/33/300/300', '2025-12-12 05:46:38'),
(34, 'Digital Phone 2024', 'This is a high-quality Digital Phone 2024', 25288.00, 0.00, 63, 'DIG-5876', 'Electronics', 'https://picsum.photos/seed/34/300/300', '2025-12-12 05:46:38'),
(35, 'Pro Mouse 2025', 'This is a high-quality Pro Mouse 2025', 49321.00, 0.00, 200, 'PRO-4684', 'Electronics', 'https://picsum.photos/seed/35/300/300', '2025-12-12 05:46:38'),
(36, 'Ultra Watch 2024', 'This is a high-quality Ultra Watch 2024', 20142.00, 0.00, 77, 'ULT-2844', 'Clothing', 'https://picsum.photos/seed/36/300/300', '2025-12-12 05:46:38'),
(37, 'Basic Speaker 2024', 'This is a high-quality Basic Speaker 2024', 40570.00, 0.00, 446, 'BAS-4927', 'Accessories', 'https://picsum.photos/seed/37/300/300', '2025-12-12 05:46:38'),
(38, 'Premium Tablet 2024', 'This is a high-quality Premium Tablet 2024', 29825.00, 0.00, 181, 'PRE-1348', 'Accessories', 'https://picsum.photos/seed/38/300/300', '2025-12-12 05:46:38'),
(39, 'Smart Headphones 2024', 'This is a high-quality Smart Headphones 2024', 45500.00, 0.00, 272, 'SMA-3415', 'Clothing', 'https://picsum.photos/seed/39/300/300', '2025-12-12 05:46:38'),
(40, 'Wireless Headphones 2023', 'This is a high-quality Wireless Headphones 2023', 31658.00, 0.00, 129, 'WIR-4365', 'Clothing', 'https://picsum.photos/seed/40/300/300', '2025-12-12 05:46:38'),
(41, 'Pro Headphones 2023', 'This is a high-quality Pro Headphones 2023', 27587.00, 0.00, 205, 'PRO-7518', 'Clothing', 'https://picsum.photos/seed/41/300/300', '2025-12-12 05:46:38'),
(42, 'Digital Tablet 2024', 'This is a high-quality Digital Tablet 2024', 7771.00, 0.00, 260, 'DIG-8983', 'Electronics', 'https://picsum.photos/seed/42/300/300', '2025-12-12 05:46:38'),
(43, 'Basic Phone 2024', 'This is a high-quality Basic Phone 2024', 30516.00, 0.00, 437, 'BAS-3481', 'Electronics', 'https://picsum.photos/seed/43/300/300', '2025-12-12 05:46:38'),
(44, 'Basic Laptop 2024', 'This is a high-quality Basic Laptop 2024', 43384.00, 0.00, 436, 'BAS-6408', 'Clothing', 'https://picsum.photos/seed/44/300/300', '2025-12-12 05:46:38'),
(45, 'Luxury Keyboard 2024', 'This is a high-quality Luxury Keyboard 2024', 32303.00, 0.00, 33, 'LUX-3536', 'Clothing', 'https://picsum.photos/seed/45/300/300', '2025-12-12 05:46:38'),
(46, 'Premium Mouse 2023', 'This is a high-quality Premium Mouse 2023', 32050.00, 0.00, 398, 'PRE-4815', 'Electronics', 'https://picsum.photos/seed/46/300/300', '2025-12-12 05:46:38'),
(47, 'Eco Phone 2025', 'This is a high-quality Eco Phone 2025', 1532.00, 0.00, 78, 'ECO-9342', 'Electronics', 'https://picsum.photos/seed/47/300/300', '2025-12-12 05:46:38'),
(48, 'Luxury Watch 2024', 'This is a high-quality Luxury Watch 2024', 14548.00, 0.00, 458, 'LUX-7684', 'Home', 'https://picsum.photos/seed/48/300/300', '2025-12-12 05:46:38'),
(49, 'Analog Watch 2024', 'This is a high-quality Analog Watch 2024', 24843.00, 0.00, 292, 'ANA-3517', 'Electronics', 'https://picsum.photos/seed/49/300/300', '2025-12-12 05:46:38'),
(50, 'Smart Speaker 2025', 'This is a high-quality Smart Speaker 2025', 33591.00, 0.00, 430, 'SMA-6919', 'Accessories', 'https://picsum.photos/seed/50/300/300', '2025-12-12 05:46:38');

-- --------------------------------------------------------

--
-- 資料表結構 `reviews`
--

CREATE TABLE `reviews` (
  `id` int(10) UNSIGNED NOT NULL,
  `product_id` int(11) NOT NULL,
  `user_id` int(11) NOT NULL,
  `rating` tinyint(3) UNSIGNED NOT NULL CHECK (`rating` between 1 and 5),
  `comment` text DEFAULT NULL,
  `created_at` timestamp NOT NULL DEFAULT current_timestamp()
) ENGINE=InnoDB DEFAULT CHARSET=utf8mb4 COLLATE=utf8mb4_general_ci;

-- --------------------------------------------------------

--
-- 資料表結構 `suppliers`
--

CREATE TABLE `suppliers` (
  `id` int(11) NOT NULL,
  `name` varchar(100) NOT NULL,
  `contact_info` varchar(255) DEFAULT NULL,
  `address` text DEFAULT NULL,
  `created_at` timestamp NOT NULL DEFAULT current_timestamp()
) ENGINE=InnoDB DEFAULT CHARSET=utf8mb4 COLLATE=utf8mb4_unicode_ci;

-- --------------------------------------------------------

--
-- 資料表結構 `users`
--

CREATE TABLE `users` (
  `id` int(11) NOT NULL,
  `email` varchar(255) NOT NULL,
  `google_id` varchar(255) DEFAULT NULL,
  `name` varchar(255) DEFAULT NULL,
  `avatar_url` varchar(255) DEFAULT NULL,
  `password_hash` varchar(255) NOT NULL,
  `created_at` timestamp NOT NULL DEFAULT current_timestamp(),
  `updated_at` timestamp NOT NULL DEFAULT current_timestamp() ON UPDATE current_timestamp(),
  `role` varchar(20) DEFAULT 'user'
) ENGINE=InnoDB DEFAULT CHARSET=utf8mb4 COLLATE=utf8mb4_unicode_ci;

--
-- 傾印資料表的資料 `users`
--

INSERT INTO `users` (`id`, `email`, `google_id`, `name`, `avatar_url`, `password_hash`, `created_at`, `updated_at`, `role`) VALUES
(1, 'ken910429@gmail.com', '107972070066175876204', '柏坤', 'https://lh3.googleusercontent.com/a/ACg8ocKHwoPyHXVX3W-PSZX75QOy22tsMZyH9KqQa1-3QjI-x2rLuWGA=s96-c', '$2y$10$Bga.vBc5BUNNnWDl1lNgkuS5gm7U4HYr9oBFqiBAIXohciT7iCLim', '2025-11-28 08:12:02', '2025-12-18 10:01:05', 'user'),
(13, 'patricia.martinez44@yahoo.com', NULL, 'Patricia Martinez', NULL, '$2y$10$kSy7s3Fkdd/zYW0Jxf927OC8Kb5JTPkRmrGJFu56FEEsk1Fa1q/2C', '2025-12-12 05:38:25', '2025-12-12 05:38:25', 'user'),
(14, 'michael.brown13@yahoo.com', NULL, 'Michael Brown', NULL, '$2y$10$ORxXRjGRnEn75Espru68CezJCIGteT.BNySbdb3BbpBUhwk8mSQxK', '2025-12-12 05:38:25', '2025-12-12 05:38:25', 'user'),
(15, 'patricia.garcia60@outlook.com', NULL, 'Patricia Garcia', NULL, '$2y$10$6G4ouy9AJPr3MQi8RH9qQu6wXThnnIPhNOL1gfAcncUYCB8BwftIu', '2025-12-12 05:38:25', '2025-12-12 05:38:25', 'user'),
(16, 'michael.martinez62@outlook.com', NULL, 'Michael Martinez', NULL, '$2y$10$jepM9szORPzQVSbE/YsfT.SNezRaeePAD03DfpfAAfTw1.pcNjhou', '2025-12-12 05:38:25', '2025-12-12 05:38:25', 'user'),
(17, 'john.brown22@yahoo.com', NULL, 'John Brown', NULL, '$2y$10$DEklMDQ0mKTKrNbEZOHTEep1PJ31Nf/8oExPo/QTAuHUOglWt.ca2', '2025-12-12 05:38:25', '2025-12-12 05:38:25', 'user'),
(18, 'patricia.davis27@example.com', NULL, 'Patricia Davis', NULL, '$2y$10$cqC5y81M9NxuyzDT2OHBlu7n8iJ3GEt4mxObu4jAmWbMHhb5uiHDq', '2025-12-12 05:38:26', '2025-12-12 05:38:26', 'user'),
(19, 'jennifer.jones37@example.com', NULL, 'Jennifer Jones', NULL, '$2y$10$3fzASSayOQt5uSch1XRLAehwenyKeT9hpG0Daiw.xVlrW/dZxtlG6', '2025-12-12 05:38:26', '2025-12-12 05:38:26', 'user'),
(20, 'mary.garcia12@gmail.com', NULL, 'Mary Garcia', NULL, '$2y$10$TX59jpuQ3zBb.2FGKThUYemDfd8RUJDqDM8rID6ijwRp2oc.maJaW', '2025-12-12 05:38:26', '2025-12-12 05:38:26', 'user'),
(21, 'william.brown96@gmail.com', NULL, 'William Brown', NULL, '$2y$10$XDvzfaRGEBx5rNs.eV2MpObWzReO.UOF3wc0.kaUqTJISHNpPwCm.', '2025-12-12 05:38:26', '2025-12-12 05:38:26', 'user'),
(22, 'linda.smith64@outlook.com', NULL, 'Linda Smith', NULL, '$2y$10$yI62Spr88txvsqlpiuzQyOvEFyUTuwKF10bUITvw97S5ogpeO62P2', '2025-12-12 05:38:26', '2025-12-12 05:38:26', 'user'),
(23, 'elizabeth.jones90@outlook.com', NULL, 'Elizabeth Jones', NULL, '$2y$10$e5m76T9ubuL.HWBgznRmQ.iqOVSEMe5Pk1ntQhrcCbjaiOeeQBbbG', '2025-12-12 05:38:26', '2025-12-12 05:38:26', 'user'),
(24, 'james.brown60@gmail.com', NULL, 'James Brown', NULL, '$2y$10$J8V/SdjgGwWKwqw1/SgNv.sVgfT8AzsBb/zqGNEP6Rn4tIMEcqGKO', '2025-12-12 05:38:26', '2025-12-12 05:38:26', 'user'),
(25, 'robert.williams89@gmail.com', NULL, 'Robert Williams', NULL, '$2y$10$Tuhj7EmCFw/cF.WqKD0VuuFLWJ4x2wbhznT9KU1xi0S5q2H1n7Auu', '2025-12-12 05:38:26', '2025-12-12 05:38:26', 'user'),
(26, 'linda.smith23@yahoo.com', NULL, 'Linda Smith', NULL, '$2y$10$PqaHvZPSgBm1OjJke3ZoYOn6H6Lgn/82.8hz9tjQrGflSibhOCTCC', '2025-12-12 05:38:26', '2025-12-12 05:38:26', 'user'),
(27, 'mary.johnson66@outlook.com', NULL, 'Mary Johnson', NULL, '$2y$10$nirGuESGNZ9dCP9P0IzcoerdJQckCKs4dK8.0ZPmqV.V8pjrnF93e', '2025-12-12 05:38:26', '2025-12-12 05:38:26', 'user'),
(28, 'lisa.martinez204@gmail.com', NULL, 'Lisa Martinez', NULL, '$2y$10$CMMlglOZwCjr4ayERmh3KeMsYfflE1kDeShOhCGOgDaPXv0DNA5Ei', '2025-12-12 05:46:38', '2025-12-12 05:46:38', 'user'),
(29, 'linda.jones107@gmail.com', NULL, 'Linda Jones', NULL, '$2y$10$CMMlglOZwCjr4ayERmh3KeMsYfflE1kDeShOhCGOgDaPXv0DNA5Ei', '2025-12-12 05:46:38', '2025-12-12 05:46:38', 'user'),
(30, 'karen.brown442@example.com', NULL, 'Karen Brown', NULL, '$2y$10$CMMlglOZwCjr4ayERmh3KeMsYfflE1kDeShOhCGOgDaPXv0DNA5Ei', '2025-12-12 05:46:38', '2025-12-12 05:46:38', 'user'),
(31, 'michael.martin132@outlook.com', NULL, 'Michael Martin', NULL, '$2y$10$CMMlglOZwCjr4ayERmh3KeMsYfflE1kDeShOhCGOgDaPXv0DNA5Ei', '2025-12-12 05:46:38', '2025-12-12 05:46:38', 'user'),
(32, 'charles.gonzalez677@example.com', NULL, 'Charles Gonzalez', NULL, '$2y$10$CMMlglOZwCjr4ayERmh3KeMsYfflE1kDeShOhCGOgDaPXv0DNA5Ei', '2025-12-12 05:46:38', '2025-12-12 05:46:38', 'user'),
(33, 'linda.moore864@yahoo.com', NULL, 'Linda Moore', NULL, '$2y$10$CMMlglOZwCjr4ayERmh3KeMsYfflE1kDeShOhCGOgDaPXv0DNA5Ei', '2025-12-12 05:46:38', '2025-12-12 05:46:38', 'user'),
(34, 'jennifer.wilson301@example.com', NULL, 'Jennifer Wilson', NULL, '$2y$10$CMMlglOZwCjr4ayERmh3KeMsYfflE1kDeShOhCGOgDaPXv0DNA5Ei', '2025-12-12 05:46:38', '2025-12-12 05:46:38', 'user'),
(35, 'joseph.jackson798@gmail.com', NULL, 'Joseph Jackson', NULL, '$2y$10$CMMlglOZwCjr4ayERmh3KeMsYfflE1kDeShOhCGOgDaPXv0DNA5Ei', '2025-12-12 05:46:38', '2025-12-12 05:46:38', 'user'),
(36, 'elizabeth.wilson398@yahoo.com', NULL, 'Elizabeth Wilson', NULL, '$2y$10$CMMlglOZwCjr4ayERmh3KeMsYfflE1kDeShOhCGOgDaPXv0DNA5Ei', '2025-12-12 05:46:38', '2025-12-12 05:46:38', 'user'),
(37, 'patricia.jackson626@example.com', NULL, 'Patricia Jackson', NULL, '$2y$10$CMMlglOZwCjr4ayERmh3KeMsYfflE1kDeShOhCGOgDaPXv0DNA5Ei', '2025-12-12 05:46:38', '2025-12-12 05:46:38', 'user'),
(38, 'joseph.williams683@example.com', NULL, 'Joseph Williams', NULL, '$2y$10$CMMlglOZwCjr4ayERmh3KeMsYfflE1kDeShOhCGOgDaPXv0DNA5Ei', '2025-12-12 05:46:38', '2025-12-12 05:46:38', 'user'),
(39, 'karen.martinez468@outlook.com', NULL, 'Karen Martinez', NULL, '$2y$10$CMMlglOZwCjr4ayERmh3KeMsYfflE1kDeShOhCGOgDaPXv0DNA5Ei', '2025-12-12 05:46:38', '2025-12-12 05:46:38', 'user'),
(40, 'joseph.garcia601@yahoo.com', NULL, 'Joseph Garcia', NULL, '$2y$10$CMMlglOZwCjr4ayERmh3KeMsYfflE1kDeShOhCGOgDaPXv0DNA5Ei', '2025-12-12 05:46:38', '2025-12-12 05:46:38', 'user'),
(41, 'nancy.gonzalez306@gmail.com', NULL, 'Nancy Gonzalez', NULL, '$2y$10$CMMlglOZwCjr4ayERmh3KeMsYfflE1kDeShOhCGOgDaPXv0DNA5Ei', '2025-12-12 05:46:38', '2025-12-12 05:46:38', 'user'),
(42, 'charles.gonzalez971@gmail.com', NULL, 'Charles Gonzalez', NULL, '$2y$10$CMMlglOZwCjr4ayERmh3KeMsYfflE1kDeShOhCGOgDaPXv0DNA5Ei', '2025-12-12 05:46:38', '2025-12-12 05:46:38', 'user'),
(43, 'jennifer.jones480@outlook.com', NULL, 'Jennifer Jones', NULL, '$2y$10$CMMlglOZwCjr4ayERmh3KeMsYfflE1kDeShOhCGOgDaPXv0DNA5Ei', '2025-12-12 05:46:38', '2025-12-12 05:46:38', 'user'),
(44, 'james.taylor713@gmail.com', NULL, 'James Taylor', NULL, '$2y$10$CMMlglOZwCjr4ayERmh3KeMsYfflE1kDeShOhCGOgDaPXv0DNA5Ei', '2025-12-12 05:46:38', '2025-12-12 05:46:38', 'user'),
(45, 'lisa.gonzalez308@example.com', NULL, 'Lisa Gonzalez', NULL, '$2y$10$CMMlglOZwCjr4ayERmh3KeMsYfflE1kDeShOhCGOgDaPXv0DNA5Ei', '2025-12-12 05:46:38', '2025-12-12 05:46:38', 'user'),
(46, 'lisa.martin372@example.com', NULL, 'Lisa Martin', NULL, '$2y$10$CMMlglOZwCjr4ayERmh3KeMsYfflE1kDeShOhCGOgDaPXv0DNA5Ei', '2025-12-12 05:46:38', '2025-12-12 05:46:38', 'user'),
(47, 'joseph.johnson381@gmail.com', NULL, 'Joseph Johnson', NULL, '$2y$10$CMMlglOZwCjr4ayERmh3KeMsYfflE1kDeShOhCGOgDaPXv0DNA5Ei', '2025-12-12 05:46:38', '2025-12-12 05:46:38', 'user'),
(48, 'william.brown474@example.com', NULL, 'William Brown', NULL, '$2y$10$CMMlglOZwCjr4ayERmh3KeMsYfflE1kDeShOhCGOgDaPXv0DNA5Ei', '2025-12-12 05:46:38', '2025-12-12 05:46:38', 'user'),
(49, 'david.garcia696@example.com', NULL, 'David Garcia', NULL, '$2y$10$CMMlglOZwCjr4ayERmh3KeMsYfflE1kDeShOhCGOgDaPXv0DNA5Ei', '2025-12-12 05:46:38', '2025-12-12 05:46:38', 'user'),
(50, 'lisa.johnson909@example.com', NULL, 'Lisa Johnson', NULL, '$2y$10$CMMlglOZwCjr4ayERmh3KeMsYfflE1kDeShOhCGOgDaPXv0DNA5Ei', '2025-12-12 05:46:38', '2025-12-12 05:46:38', 'user'),
(51, 'mary.taylor674@yahoo.com', NULL, 'Mary Taylor', NULL, '$2y$10$CMMlglOZwCjr4ayERmh3KeMsYfflE1kDeShOhCGOgDaPXv0DNA5Ei', '2025-12-12 05:46:38', '2025-12-12 05:46:38', 'user'),
(52, 'karen.davis928@example.com', NULL, 'Karen Davis', NULL, '$2y$10$CMMlglOZwCjr4ayERmh3KeMsYfflE1kDeShOhCGOgDaPXv0DNA5Ei', '2025-12-12 05:46:38', '2025-12-12 05:46:38', 'user'),
(53, 'david.garcia787@gmail.com', NULL, 'David Garcia', NULL, '$2y$10$CMMlglOZwCjr4ayERmh3KeMsYfflE1kDeShOhCGOgDaPXv0DNA5Ei', '2025-12-12 05:46:38', '2025-12-12 05:46:38', 'user'),
(54, 'david.miller277@gmail.com', NULL, 'David Miller', NULL, '$2y$10$CMMlglOZwCjr4ayERmh3KeMsYfflE1kDeShOhCGOgDaPXv0DNA5Ei', '2025-12-12 05:46:38', '2025-12-12 05:46:38', 'user'),
(55, 'richard.garcia599@outlook.com', NULL, 'Richard Garcia', NULL, '$2y$10$CMMlglOZwCjr4ayERmh3KeMsYfflE1kDeShOhCGOgDaPXv0DNA5Ei', '2025-12-12 05:46:38', '2025-12-12 05:46:38', 'user'),
(56, 'john.moore342@gmail.com', NULL, 'John Moore', NULL, '$2y$10$CMMlglOZwCjr4ayERmh3KeMsYfflE1kDeShOhCGOgDaPXv0DNA5Ei', '2025-12-12 05:46:38', '2025-12-12 05:46:38', 'user'),
(57, 'jennifer.martin623@example.com', NULL, 'Jennifer Martin', NULL, '$2y$10$CMMlglOZwCjr4ayERmh3KeMsYfflE1kDeShOhCGOgDaPXv0DNA5Ei', '2025-12-12 05:46:38', '2025-12-12 05:46:38', 'user'),
(58, 'david.taylor679@yahoo.com', NULL, 'David Taylor', NULL, '$2y$10$CMMlglOZwCjr4ayERmh3KeMsYfflE1kDeShOhCGOgDaPXv0DNA5Ei', '2025-12-12 05:46:38', '2025-12-12 05:46:38', 'user'),
(59, 'linda.brown239@yahoo.com', NULL, 'Linda Brown', NULL, '$2y$10$CMMlglOZwCjr4ayERmh3KeMsYfflE1kDeShOhCGOgDaPXv0DNA5Ei', '2025-12-12 05:46:38', '2025-12-12 05:46:38', 'user'),
(60, 'mary.thomas370@example.com', NULL, 'Mary Thomas', NULL, '$2y$10$CMMlglOZwCjr4ayERmh3KeMsYfflE1kDeShOhCGOgDaPXv0DNA5Ei', '2025-12-12 05:46:38', '2025-12-12 05:46:38', 'user'),
(61, 'lisa.davis478@example.com', NULL, 'Lisa Davis', NULL, '$2y$10$CMMlglOZwCjr4ayERmh3KeMsYfflE1kDeShOhCGOgDaPXv0DNA5Ei', '2025-12-12 05:46:38', '2025-12-12 05:46:38', 'user'),
(62, 'ken38661579@gmail.com', '117796841513712830933', '陳柏坤', 'https://lh3.googleusercontent.com/a/ACg8ocI5YImALpPo9mt8EtX6rETBDh_ZdurZ3tu6HLI9YNlXvGljqyPm=s96-c', '$2y$10$4ef2/Hki1mjMTn4HgfNGeuWsLjef2Y7rEJk7OBM7HUsqgt.u6mjcG', '2025-12-19 08:16:31', '2025-12-19 08:16:31', 'user'),
(63, '123456@gmail.com', NULL, 'ttt', NULL, '$2y$10$6FwHFPvcUoYH1Qe7vPJXj.7XwFNNA79nneSpqcSSUS0akyfwkzYAq', '2025-12-19 08:31:31', '2025-12-19 08:31:31', 'user');

--
-- 已傾印資料表的索引
--

--
-- 資料表索引 `carts`
--
ALTER TABLE `carts`
  ADD PRIMARY KEY (`id`),
  ADD UNIQUE KEY `unique_user_product` (`user_id`,`product_id`),
  ADD UNIQUE KEY `unique_session_product` (`session_id`,`product_id`),
  ADD KEY `idx_user_id` (`user_id`),
  ADD KEY `idx_session_id` (`session_id`),
  ADD KEY `idx_product_id` (`product_id`);

--
-- 資料表索引 `inventory_logs`
--
ALTER TABLE `inventory_logs`
  ADD PRIMARY KEY (`id`);

--
-- 資料表索引 `orders`
--
ALTER TABLE `orders`
  ADD PRIMARY KEY (`id`),
  ADD UNIQUE KEY `order_number` (`order_number`),
  ADD KEY `idx_user_id` (`user_id`),
  ADD KEY `idx_session_id` (`session_id`),
  ADD KEY `idx_order_number` (`order_number`),
  ADD KEY `idx_status` (`status`);

--
-- 資料表索引 `order_items`
--
ALTER TABLE `order_items`
  ADD PRIMARY KEY (`id`),
  ADD KEY `idx_order_id` (`order_id`),
  ADD KEY `idx_product_id` (`product_id`);

--
-- 資料表索引 `products`
--
ALTER TABLE `products`
  ADD PRIMARY KEY (`id`);

--
-- 資料表索引 `reviews`
--
ALTER TABLE `reviews`
  ADD PRIMARY KEY (`id`),
  ADD KEY `product_id` (`product_id`),
  ADD KEY `user_id` (`user_id`);

--
-- 資料表索引 `suppliers`
--
ALTER TABLE `suppliers`
  ADD PRIMARY KEY (`id`);

--
-- 資料表索引 `users`
--
ALTER TABLE `users`
  ADD PRIMARY KEY (`id`),
  ADD UNIQUE KEY `email` (`email`),
  ADD UNIQUE KEY `google_id` (`google_id`),
  ADD KEY `idx_email` (`email`);

--
-- 在傾印的資料表使用自動遞增(AUTO_INCREMENT)
--

--
-- 使用資料表自動遞增(AUTO_INCREMENT) `carts`
--
ALTER TABLE `carts`
  MODIFY `id` int(11) NOT NULL AUTO_INCREMENT, AUTO_INCREMENT=9;

--
-- 使用資料表自動遞增(AUTO_INCREMENT) `inventory_logs`
--
ALTER TABLE `inventory_logs`
  MODIFY `id` int(11) NOT NULL AUTO_INCREMENT;

--
-- 使用資料表自動遞增(AUTO_INCREMENT) `orders`
--
ALTER TABLE `orders`
  MODIFY `id` int(11) NOT NULL AUTO_INCREMENT, AUTO_INCREMENT=261;

--
-- 使用資料表自動遞增(AUTO_INCREMENT) `order_items`
--
ALTER TABLE `order_items`
  MODIFY `id` int(11) NOT NULL AUTO_INCREMENT, AUTO_INCREMENT=786;

--
-- 使用資料表自動遞增(AUTO_INCREMENT) `products`
--
ALTER TABLE `products`
  MODIFY `id` int(11) NOT NULL AUTO_INCREMENT, AUTO_INCREMENT=51;

--
-- 使用資料表自動遞增(AUTO_INCREMENT) `reviews`
--
ALTER TABLE `reviews`
  MODIFY `id` int(10) UNSIGNED NOT NULL AUTO_INCREMENT;

--
-- 使用資料表自動遞增(AUTO_INCREMENT) `suppliers`
--
ALTER TABLE `suppliers`
  MODIFY `id` int(11) NOT NULL AUTO_INCREMENT;

--
-- 使用資料表自動遞增(AUTO_INCREMENT) `users`
--
ALTER TABLE `users`
  MODIFY `id` int(11) NOT NULL AUTO_INCREMENT, AUTO_INCREMENT=64;

--
-- 已傾印資料表的限制式
--

--
-- 資料表的限制式 `carts`
--
ALTER TABLE `carts`
  ADD CONSTRAINT `carts_ibfk_1` FOREIGN KEY (`user_id`) REFERENCES `users` (`id`) ON DELETE CASCADE;

--
-- 資料表的限制式 `orders`
--
ALTER TABLE `orders`
  ADD CONSTRAINT `orders_ibfk_1` FOREIGN KEY (`user_id`) REFERENCES `users` (`id`) ON DELETE SET NULL;

--
-- 資料表的限制式 `order_items`
--
ALTER TABLE `order_items`
  ADD CONSTRAINT `order_items_ibfk_1` FOREIGN KEY (`order_id`) REFERENCES `orders` (`id`) ON DELETE CASCADE;

--
-- 資料表的限制式 `reviews`
--
ALTER TABLE `reviews`
  ADD CONSTRAINT `reviews_ibfk_1` FOREIGN KEY (`product_id`) REFERENCES `products` (`id`) ON DELETE CASCADE,
  ADD CONSTRAINT `reviews_ibfk_2` FOREIGN KEY (`user_id`) REFERENCES `users` (`id`) ON DELETE CASCADE;
COMMIT;

/*!40101 SET CHARACTER_SET_CLIENT=@OLD_CHARACTER_SET_CLIENT */;
/*!40101 SET CHARACTER_SET_RESULTS=@OLD_CHARACTER_SET_RESULTS */;
/*!40101 SET COLLATION_CONNECTION=@OLD_COLLATION_CONNECTION */;
